cow_id,date,cbt_mean,thi_mean,milk_yield_kg,activity,rumination,hr,behavior_mode,health_status
T001,2024-07-01,38.69,74.3,35.24,7448,521.8,64.8,lying,healthy
T001,2024-07-02,38.63,57.6,36.07,9120,449.5,65.0,lying,healthy
T001,2024-07-03,38.56,73.9,30.77,8146,453.0,64.3,walking,healthy
T001,2024-07-04,38.78,65.6,36.05,8437,480.6,61.4,lying,healthy
T001,2024-07-05,38.71,71.3,26.3,8330,434.3,59.6,grazing,healthy
T001,2024-07-06,38.8,68.9,35.76,6747,447.4,72.2,lying,healthy
T001,2024-07-07,38.62,69.4,23.86,8480,489.4,63.5,standing,healthy
T001,2024-07-08,38.9,70.3,35.78,9221,529.3,66.3,standing,healthy
T001,2024-07-09,38.59,69.3,36.18,7436,496.3,60.9,grazing,healthy
T001,2024-07-10,38.45,71.3,33.12,6709,500.2,73.4,walking,healthy
T001,2024-07-11,38.95,67.9,38.83,4653,531.6,68.1,lying,healthy
T001,2024-07-12,38.68,71.6,31.88,7364,450.5,62.8,standing,healthy
T001,2024-07-13,38.94,64.8,29.53,9249,514.4,64.4,grazing,healthy
T001,2024-07-14,38.88,73.5,32.58,7656,526.4,66.0,lying,healthy
T001,2024-07-15,38.66,69.2,32.96,8065,494.6,59.0,standing,healthy
T001,2024-07-16,38.64,69.8,31.04,8338,432.1,61.9,grazing,healthy
T001,2024-07-17,39.1,60.3,31.67,8137,589.1,66.4,standing,healthy
T001,2024-07-18,38.83,69.4,31.76,9056,462.6,62.9,grazing,healthy
T001,2024-07-19,38.94,73.6,25.48,8821,579.5,61.6,standing,healthy
T001,2024-07-20,38.61,74.8,35.72,8070,490.1,71.4,standing,healthy
T001,2024-07-21,38.44,64.3,38.76,7040,491.6,72.4,grazing,healthy
T001,2024-07-22,38.44,73.5,43.22,7637,495.6,58.9,lying,healthy
T001,2024-07-23,39.05,70.1,33.13,8384,515.0,63.5,standing,healthy
T001,2024-07-24,38.81,68.9,35.6,8286,460.3,73.8,standing,healthy
T001,2024-07-25,39.08,64.1,35.33,9565,474.1,73.3,walking,healthy
T001,2024-07-26,38.85,64.5,32.45,6278,475.8,72.8,walking,healthy
T001,2024-07-27,38.69,68.0,38.33,7714,598.1,71.3,standing,healthy
T001,2024-07-28,38.54,68.2,31.17,7897,528.8,64.8,lying,healthy
T001,2024-07-29,38.94,66.2,35.64,8337,459.2,68.6,walking,healthy
T001,2024-07-30,38.85,68.9,28.15,9433,504.6,72.8,grazing,healthy
T002,2024-07-01,38.94,83.4,32.5,8900,521.1,72.9,grazing,healthy
T002,2024-07-02,38.52,62.0,30.67,6311,486.3,65.8,lying,healthy
T002,2024-07-03,38.98,61.6,27.81,8839,490.0,62.6,grazing,healthy
T002,2024-07-04,38.95,62.9,40.68,9820,535.4,74.0,grazing,healthy
T002,2024-07-05,38.3,68.8,26.95,8532,460.0,68.3,standing,healthy
T002,2024-07-06,38.62,74.6,28.43,7010,498.8,59.4,grazing,healthy
T002,2024-07-07,38.49,71.7,39.48,8766,434.5,66.1,lying,healthy
T002,2024-07-08,38.75,75.5,29.84,6211,442.4,68.4,lying,healthy
T002,2024-07-09,39.22,62.3,27.95,7593,538.2,60.4,lying,healthy
T002,2024-07-10,38.91,71.6,29.02,7503,510.4,69.8,walking,healthy
T002,2024-07-11,39.21,63.0,39.53,4886,482.4,72.6,grazing,healthy
T002,2024-07-12,38.69,68.8,33.91,6820,465.9,66.9,walking,healthy
T002,2024-07-13,39.03,69.2,33.59,8242,458.7,65.7,grazing,healthy
T002,2024-07-14,38.36,63.1,26.92,8934,542.1,66.4,grazing,healthy
T002,2024-07-15,39.14,68.1,33.0,7020,499.1,68.2,grazing,healthy
T002,2024-07-16,39.29,72.3,21.87,6843,529.9,61.8,grazing,healthy
T002,2024-07-17,38.97,70.5,29.87,6257,490.4,65.0,lying,healthy
T002,2024-07-18,38.73,71.2,32.69,9189,472.6,70.2,grazing,healthy
T002,2024-07-19,38.69,68.9,23.41,5594,462.6,67.7,grazing,healthy
T002,2024-07-20,38.3,74.3,28.57,7418,463.8,68.7,standing,healthy
T002,2024-07-21,38.89,64.7,32.27,9416,483.9,71.4,standing,healthy
T002,2024-07-22,38.72,69.8,30.24,8702,504.3,69.4,lying,healthy
T002,2024-07-23,39.17,71.8,39.62,6426,518.3,70.1,standing,healthy
T002,2024-07-24,38.78,71.9,23.39,8443,482.2,60.9,lying,healthy
T002,2024-07-25,38.62,68.6,31.47,9863,521.0,65.6,walking,healthy
T002,2024-07-26,39.0,73.9,33.08,7252,485.1,67.3,grazing,healthy
T002,2024-07-27,38.38,73.4,29.41,9033,431.9,65.4,standing,healthy
T002,2024-07-28,38.87,69.2,36.75,7830,476.8,59.4,standing,healthy
T002,2024-07-29,38.84,70.1,33.13,5961,434.0,76.7,standing,healthy
T002,2024-07-30,38.87,76.2,30.45,9440,493.7,75.9,walking,healthy
T003,2024-07-01,38.85,72.2,25.55,6519,429.2,64.5,lying,healthy
T003,2024-07-02,38.86,66.0,39.47,9334,512.1,66.0,standing,healthy
T003,2024-07-03,38.88,69.5,33.31,5370,497.4,58.2,standing,healthy
T003,2024-07-04,38.85,63.6,35.65,9029,490.4,78.4,standing,healthy
T003,2024-07-05,38.6,65.9,29.89,7918,464.3,62.8,lying,healthy
T003,2024-07-06,38.38,67.6,33.65,8726,542.7,71.2,grazing,healthy
T003,2024-07-07,38.52,65.9,30.87,7700,420.0,57.0,lying,healthy
T003,2024-07-08,39.02,71.4,29.01,8095,534.4,60.2,lying,healthy
T003,2024-07-09,38.7,61.6,34.38,7074,450.7,62.2,standing,healthy
T003,2024-07-10,38.41,68.9,37.56,9429,523.4,60.8,lying,healthy
T003,2024-07-11,38.68,74.1,35.89,6709,493.9,60.8,walking,healthy
T003,2024-07-12,38.33,60.3,37.7,8093,505.0,63.9,standing,healthy
T003,2024-07-13,38.62,65.4,31.27,7287,470.3,66.4,lying,healthy
T003,2024-07-14,38.47,69.6,33.08,8366,510.1,61.7,walking,healthy
T003,2024-07-15,38.55,68.4,36.84,5887,519.5,62.1,lying,healthy
T003,2024-07-16,38.82,69.1,21.13,7461,489.8,56.9,walking,healthy
T003,2024-07-17,38.88,67.7,28.01,7210,502.2,60.9,standing,healthy
T003,2024-07-18,38.58,65.6,36.88,9496,527.5,61.7,lying,healthy
T003,2024-07-19,39.29,70.3,32.55,8540,479.4,66.6,walking,healthy
T003,2024-07-20,38.64,67.5,33.97,7285,521.1,64.2,grazing,healthy
T003,2024-07-21,38.6,69.2,42.8,9190,489.1,73.3,lying,healthy
T003,2024-07-22,38.58,65.3,23.42,9425,471.0,56.6,grazing,healthy
T003,2024-07-23,38.68,71.3,23.51,8364,527.5,57.2,standing,healthy
T003,2024-07-24,38.97,70.0,39.07,9313,503.4,63.2,lying,healthy
T003,2024-07-25,38.78,71.3,29.61,8151,483.8,68.9,lying,healthy
T003,2024-07-26,38.76,73.2,31.46,7502,481.2,71.9,walking,healthy
T003,2024-07-27,38.92,69.6,41.91,7052,457.0,55.4,lying,healthy
T003,2024-07-28,39.05,68.7,45.36,7794,502.2,76.8,grazing,healthy
T003,2024-07-29,38.83,64.8,35.58,10504,547.6,75.6,grazing,healthy
T003,2024-07-30,38.55,67.6,36.97,11358,518.9,62.5,lying,healthy
T004,2024-07-01,38.37,62.8,28.97,9307,483.3,59.1,standing,healthy
T004,2024-07-02,38.69,62.7,34.1,6933,530.2,57.1,walking,healthy
T004,2024-07-03,38.62,63.6,42.06,7214,492.8,68.0,standing,healthy
T004,2024-07-04,38.66,68.6,42.04,5698,540.9,52.2,lying,healthy
T004,2024-07-05,39.0,59.7,28.94,6655,443.1,63.5,walking,healthy
T004,2024-07-06,38.6,67.7,32.66,6133,489.2,68.3,standing,healthy
T004,2024-07-07,38.87,63.5,28.12,7774,449.6,72.4,standing,healthy
T004,2024-07-08,38.89,64.2,31.54,7466,550.0,62.1,standing,healthy
T004,2024-07-09,38.84,66.8,31.95,5511,524.7,67.0,grazing,healthy
T004,2024-07-10,38.38,64.7,36.4,4858,518.8,59.7,lying,healthy
T004,2024-07-11,38.17,74.8,31.43,7012,473.3,70.5,grazing,healthy
T004,2024-07-12,38.93,67.9,28.97,8887,567.8,72.2,standing,healthy
T004,2024-07-13,38.73,67.3,30.56,7589,473.5,63.5,standing,healthy
T004,2024-07-14,38.28,70.2,39.51,8070,475.9,71.3,standing,healthy
T004,2024-07-15,38.75,71.9,37.97,8456,427.9,60.5,lying,healthy
T004,2024-07-16,38.6,68.8,24.03,7893,439.0,63.4,lying,healthy
T004,2024-07-17,38.45,72.2,26.21,10560,509.6,69.3,grazing,healthy
T004,2024-07-18,38.84,61.9,30.46,6281,433.2,74.1,grazing,healthy
T004,2024-07-19,38.68,75.1,27.66,9494,517.1,64.8,grazing,healthy
T004,2024-07-20,38.42,71.7,22.55,8625,446.2,66.8,lying,healthy
T004,2024-07-21,38.79,70.4,33.0,8543,521.5,70.9,standing,healthy
T004,2024-07-22,38.31,67.8,34.16,7312,508.0,66.9,grazing,healthy
T004,2024-07-23,38.68,70.7,30.61,7176,525.2,65.0,standing,healthy
T004,2024-07-24,38.34,70.0,25.79,8799,483.2,69.0,lying,healthy
T004,2024-07-25,39.05,68.8,35.12,5206,501.7,73.5,standing,healthy
T004,2024-07-26,38.87,68.2,35.98,6249,474.5,53.2,walking,healthy
T004,2024-07-27,38.58,73.8,37.59,6458,477.6,66.5,lying,healthy
T004,2024-07-28,38.44,63.8,21.78,5568,454.9,72.2,grazing,healthy
T004,2024-07-29,38.94,67.1,30.26,8015,453.0,70.4,grazing,healthy
T004,2024-07-30,38.98,74.5,23.42,7234,474.2,64.6,standing,healthy
T005,2024-07-01,38.76,65.8,36.63,8631,418.4,75.6,standing,healthy
T005,2024-07-02,39.09,66.6,36.41,9074,509.4,61.2,lying,healthy
T005,2024-07-03,38.67,62.5,30.49,8324,534.2,63.2,grazing,healthy
T005,2024-07-04,38.7,55.0,29.86,9935,483.4,74.3,walking,healthy
T005,2024-07-05,38.36,70.3,32.16,9135,510.2,71.3,walking,healthy
T005,2024-07-06,38.77,72.0,40.67,7524,488.3,64.1,grazing,healthy
T005,2024-07-07,38.43,69.5,32.01,8405,516.2,67.5,walking,healthy
T005,2024-07-08,38.65,71.0,27.7,10311,478.9,67.9,lying,healthy
T005,2024-07-09,38.54,67.6,35.04,9158,478.0,63.7,lying,healthy
T005,2024-07-10,38.69,66.6,34.57,6015,505.2,63.5,grazing,healthy
T005,2024-07-11,38.67,65.8,35.48,10403,469.1,63.0,standing,healthy
T005,2024-07-12,39.11,63.1,32.98,9211,506.0,73.1,standing,healthy
T005,2024-07-13,38.97,70.6,33.33,10768,434.0,57.2,grazing,healthy
T005,2024-07-14,38.47,71.6,32.85,7443,448.0,66.8,lying,healthy
T005,2024-07-15,38.58,67.7,38.81,8813,487.4,69.8,grazing,healthy
T005,2024-07-16,38.75,64.2,35.23,9991,488.6,60.2,standing,healthy
T005,2024-07-17,38.63,65.3,41.88,8315,421.4,67.1,standing,healthy
T005,2024-07-18,38.47,65.5,38.26,8008,470.5,65.3,lying,healthy
T005,2024-07-19,38.47,61.7,37.2,9389,486.3,60.5,standing,healthy
T005,2024-07-20,38.63,77.6,33.68,9050,533.8,61.1,lying,healthy
T005,2024-07-21,38.65,64.0,32.52,10704,493.9,62.9,standing,healthy
T005,2024-07-22,38.78,69.1,30.19,10723,484.0,68.7,grazing,healthy
T005,2024-07-23,38.81,72.2,31.37,10080,478.4,78.8,lying,healthy
T005,2024-07-24,38.47,66.5,34.7,7026,452.9,70.0,lying,healthy
T005,2024-07-25,38.92,74.9,35.74,8417,475.6,70.0,standing,healthy
T005,2024-07-26,38.38,72.4,33.28,9580,502.0,55.1,lying,healthy
T005,2024-07-27,38.41,68.9,38.49,10557,455.4,72.8,grazing,healthy
T005,2024-07-28,38.63,61.5,31.2,9408,477.7,69.5,walking,healthy
T005,2024-07-29,38.33,65.5,35.56,9010,480.6,63.0,grazing,healthy
T005,2024-07-30,38.47,69.3,32.47,6222,469.7,65.4,lying,healthy
T006,2024-07-01,38.49,72.6,31.62,7554,472.9,68.6,standing,healthy
T006,2024-07-02,38.29,69.0,32.55,8707,497.3,57.4,grazing,healthy
T006,2024-07-03,38.72,66.6,32.27,9803,487.9,68.3,walking,healthy
T006,2024-07-04,38.73,69.5,32.25,6387,476.3,61.6,grazing,healthy
T006,2024-07-05,38.99,67.7,34.07,4506,506.6,67.8,lying,healthy
T006,2024-07-06,38.28,79.8,29.8,7628,441.7,69.6,walking,healthy
T006,2024-07-07,38.65,75.7,32.86,7386,505.0,68.7,grazing,healthy
T006,2024-07-08,38.8,76.0,38.05,7503,458.9,66.2,grazing,healthy
T006,2024-07-09,39.09,72.8,36.59,5618,531.7,58.9,standing,healthy
T006,2024-07-10,39.06,67.0,35.25,8969,494.3,67.9,lying,healthy
T006,2024-07-11,39.11,63.1,36.41,8015,464.2,74.0,grazing,healthy
T006,2024-07-12,38.84,63.9,27.97,4967,443.6,75.1,lying,healthy
T006,2024-07-13,38.65,62.7,41.11,8416,450.5,79.3,lying,healthy
T006,2024-07-14,38.82,72.5,31.68,7078,434.1,56.6,lying,healthy
T006,2024-07-15,39.07,77.8,39.95,7837,495.4,70.9,grazing,healthy
T006,2024-07-16,38.75,69.6,32.87,7822,473.4,60.1,standing,healthy
T006,2024-07-17,38.56,63.6,34.53,8913,506.7,56.3,grazing,healthy
T006,2024-07-18,38.66,61.6,33.12,6897,440.6,69.1,lying,healthy
T006,2024-07-19,38.66,69.3,26.55,7676,473.9,69.1,grazing,healthy
T006,2024-07-20,38.67,68.2,35.84,7284,516.8,68.1,grazing,healthy
T006,2024-07-21,38.63,65.4,27.41,9378,431.0,61.6,grazing,healthy
T006,2024-07-22,39.01,65.8,41.91,6027,482.9,61.1,lying,healthy
T006,2024-07-23,38.51,69.2,36.57,7641,468.1,65.0,standing,healthy
T006,2024-07-24,39.12,74.5,26.8,7452,525.6,55.7,lying,healthy
T006,2024-07-25,38.61,74.6,41.27,6384,494.5,75.5,standing,healthy
T006,2024-07-26,38.53,65.2,31.08,6847,448.0,66.0,grazing,healthy
T006,2024-07-27,38.87,61.8,35.21,8187,404.8,68.0,lying,healthy
T006,2024-07-28,38.98,75.8,32.55,9348,477.9,61.7,grazing,healthy
T006,2024-07-29,38.94,64.3,34.48,5266,470.7,60.3,grazing,healthy
T006,2024-07-30,39.14,63.1,31.32,5274,477.1,70.4,grazing,healthy
T007,2024-07-01,38.89,70.8,36.9,6854,428.8,57.2,lying,healthy
T007,2024-07-02,39.06,76.6,27.5,8963,476.5,69.8,grazing,healthy
T007,2024-07-03,38.93,68.3,32.14,9070,465.2,69.9,grazing,healthy
T007,2024-07-04,39.01,66.0,31.53,6331,463.0,62.0,grazing,healthy
T007,2024-07-05,39.26,72.3,34.73,7843,504.0,76.6,standing,healthy
T007,2024-07-06,39.07,57.9,32.88,7392,440.6,71.3,lying,healthy
T007,2024-07-07,38.94,68.3,23.7,6654,470.3,61.0,walking,healthy
T007,2024-07-08,39.08,64.1,34.47,6980,473.2,64.9,standing,healthy
T007,2024-07-09,38.83,65.6,31.23,7371,481.3,69.2,grazing,healthy
T007,2024-07-10,38.93,61.9,36.7,8525,555.5,62.0,grazing,healthy
T007,2024-07-11,38.88,62.5,31.58,6354,412.3,71.5,grazing,healthy
T007,2024-07-12,39.12,67.9,31.81,7366,474.8,73.4,standing,healthy
T007,2024-07-13,38.73,62.1,33.42,7856,495.6,69.0,lying,healthy
T007,2024-07-14,38.69,63.2,32.41,9394,445.2,54.4,lying,healthy
T007,2024-07-15,38.82,73.9,31.65,7006,511.8,64.6,standing,healthy
T007,2024-07-16,39.39,67.6,36.74,9709,517.9,69.9,walking,healthy
T007,2024-07-17,39.13,68.1,29.2,8473,451.6,80.3,standing,healthy
T007,2024-07-18,38.96,69.0,30.54,6832,520.8,62.4,grazing,healthy
T007,2024-07-19,38.6,63.8,35.0,9417,500.5,74.2,walking,healthy
T007,2024-07-20,38.74,63.0,30.33,8241,443.0,72.1,lying,healthy
T007,2024-07-21,39.24,65.4,36.77,7950,484.8,77.4,grazing,healthy
T007,2024-07-22,39.06,64.6,34.21,8599,468.0,64.7,lying,healthy
T007,2024-07-23,38.61,76.2,27.63,7588,465.7,70.1,standing,healthy
T007,2024-07-24,39.13,69.2,33.79,8964,446.9,75.5,grazing,healthy
T007,2024-07-25,38.89,70.6,37.87,8111,430.0,70.7,grazing,healthy
T007,2024-07-26,38.77,68.1,25.88,8518,500.7,82.1,lying,healthy
T007,2024-07-27,39.2,70.3,24.67,8855,488.7,76.0,standing,healthy
T007,2024-07-28,39.1,67.0,32.5,8952,442.9,76.0,standing,healthy
T007,2024-07-29,38.82,74.7,34.37,6321,490.9,75.4,walking,healthy
T007,2024-07-30,38.78,62.2,27.61,7285,446.7,63.4,grazing,healthy
T008,2024-07-01,38.11,73.0,29.86,11498,439.0,65.6,walking,healthy
T008,2024-07-02,38.96,75.6,39.68,9416,436.9,69.4,grazing,healthy
T008,2024-07-03,38.29,68.0,31.57,7583,483.1,70.2,grazing,healthy
T008,2024-07-04,37.8,71.2,30.4,7021,429.2,63.7,standing,healthy
T008,2024-07-05,38.87,70.5,27.73,10583,501.5,68.0,standing,healthy
T008,2024-07-06,38.78,66.8,37.73,5654,414.9,66.6,lying,healthy
T008,2024-07-07,38.53,60.9,33.79,7981,442.4,54.9,grazing,healthy
T008,2024-07-08,38.4,69.6,31.48,9980,419.8,64.2,standing,healthy
T008,2024-07-09,38.48,75.1,39.82,7578,437.6,67.3,walking,healthy
T008,2024-07-10,38.59,65.7,33.93,8330,424.6,59.1,standing,healthy
T008,2024-07-11,38.43,69.5,36.45,7128,511.0,62.8,standing,healthy
T008,2024-07-12,38.36,67.9,32.8,6702,397.0,58.3,grazing,healthy
T008,2024-07-13,38.51,70.1,25.31,7485,486.5,56.9,standing,healthy
T008,2024-07-14,38.16,77.7,32.7,8625,430.4,62.6,standing,healthy
T008,2024-07-15,38.31,64.8,33.24,9666,423.2,64.8,grazing,healthy
T008,2024-07-16,38.42,68.6,34.05,10527,455.8,59.5,lying,healthy
T008,2024-07-17,38.6,71.6,21.71,6860,480.4,76.8,standing,healthy
T008,2024-07-18,38.84,68.2,29.43,8096,436.7,68.1,standing,healthy
T008,2024-07-19,38.37,64.2,32.89,10285,470.0,63.0,grazing,healthy
T008,2024-07-20,38.4,70.0,33.77,8131,456.6,60.1,grazing,healthy
T008,2024-07-21,38.44,80.8,33.68,7195,443.8,71.4,grazing,healthy
T008,2024-07-22,38.03,68.8,33.97,9951,500.3,67.7,lying,healthy
T008,2024-07-23,38.51,71.4,34.52,7072,436.2,70.7,grazing,healthy
T008,2024-07-24,38.42,69.9,29.88,7502,469.2,69.0,standing,healthy
T008,2024-07-25,39.01,63.7,32.45,10008,455.9,67.2,grazing,healthy
T008,2024-07-26,38.78,73.7,26.99,7841,459.9,62.9,lying,healthy
T008,2024-07-27,38.63,69.3,33.21,7713,470.6,62.7,grazing,healthy
T008,2024-07-28,38.94,69.4,30.97,5631,452.9,72.3,lying,healthy
T008,2024-07-29,38.81,67.9,27.84,7516,488.1,67.8,standing,healthy
T008,2024-07-30,38.35,66.4,29.36,5534,485.5,72.0,walking,healthy
T009,2024-07-01,38.88,63.3,36.69,7356,486.7,67.9,standing,healthy
T009,2024-07-02,38.74,66.0,34.85,9749,515.1,54.6,standing,healthy
T009,2024-07-03,38.83,70.1,32.16,8416,496.8,70.0,standing,healthy
T009,2024-07-04,39.08,69.1,34.28,6704,484.9,56.0,grazing,healthy
T009,2024-07-05,38.23,59.3,35.16,7265,476.5,68.2,standing,healthy
T009,2024-07-06,38.85,66.3,34.73,8215,490.7,71.5,standing,healthy
T009,2024-07-07,38.67,69.5,39.62,7670,467.4,66.1,lying,healthy
T009,2024-07-08,38.72,61.6,34.86,9326,449.4,68.8,walking,healthy
T009,2024-07-09,39.02,67.6,30.59,8052,520.3,60.6,standing,healthy
T009,2024-07-10,38.86,69.1,34.24,8810,573.7,55.3,lying,healthy
T009,2024-07-11,38.63,70.0,37.53,7782,513.0,75.9,walking,healthy
T009,2024-07-12,39.13,63.9,34.87,6705,480.7,64.7,walking,healthy
T009,2024-07-13,38.2,68.5,33.83,8017,539.0,62.5,standing,healthy
T009,2024-07-14,38.85,66.2,21.42,7674,407.3,68.9,standing,healthy
T009,2024-07-15,38.49,68.3,24.79,7559,453.3,68.1,lying,healthy
T009,2024-07-16,39.14,69.5,30.54,6948,472.8,60.9,lying,healthy
T009,2024-07-17,38.87,72.3,31.45,10432,477.5,61.9,lying,healthy
T009,2024-07-18,38.42,71.3,30.53,8964,533.2,71.7,grazing,healthy
T009,2024-07-19,38.66,66.1,32.01,10056,511.0,64.6,lying,healthy
T009,2024-07-20,38.58,64.4,29.97,9938,462.5,69.3,walking,healthy
T009,2024-07-21,38.76,63.6,37.7,7832,480.3,70.4,walking,healthy
T009,2024-07-22,38.86,69.5,34.21,8036,453.6,56.0,lying,healthy
T009,2024-07-23,38.64,65.8,31.77,8168,443.7,73.8,walking,healthy
T009,2024-07-24,38.58,69.9,35.16,10353,453.5,60.5,grazing,healthy
T009,2024-07-25,38.53,73.6,30.22,8336,488.7,65.4,lying,healthy
T009,2024-07-26,39.0,60.7,36.62,10022,506.9,60.3,standing,healthy
T009,2024-07-27,39.17,63.6,30.38,7560,506.9,74.1,lying,healthy
T009,2024-07-28,39.15,67.4,28.14,9404,438.2,56.4,standing,healthy
T009,2024-07-29,39.12,67.9,32.61,6908,494.5,63.4,lying,healthy
T009,2024-07-30,38.8,67.6,33.19,6533,467.0,55.4,grazing,healthy
T010,2024-07-01,38.63,69.8,25.98,6201,455.8,69.6,walking,healthy
T010,2024-07-02,39.05,69.0,32.06,9262,460.4,63.5,standing,healthy
T010,2024-07-03,38.62,66.1,24.14,8638,460.0,70.2,lying,healthy
T010,2024-07-04,38.61,77.3,34.36,8835,566.2,75.5,standing,healthy
T010,2024-07-05,38.54,67.6,44.95,5712,506.5,71.5,lying,healthy
T010,2024-07-06,38.57,69.1,30.06,8801,493.2,61.7,grazing,healthy
T010,2024-07-07,38.94,67.8,25.07,9306,465.9,64.8,grazing,healthy
T010,2024-07-08,38.72,58.3,45.27,7315,539.4,66.7,grazing,healthy
T010,2024-07-09,38.8,68.4,32.16,7469,490.8,75.5,grazing,healthy
T010,2024-07-10,38.63,72.0,43.55,7915,566.1,67.3,grazing,healthy
T010,2024-07-11,38.47,69.6,28.68,5872,475.7,73.9,standing,healthy
T010,2024-07-12,38.53,71.4,35.37,8596,512.3,65.2,grazing,healthy
T010,2024-07-13,38.96,70.8,34.63,9057,496.7,63.4,standing,healthy
T010,2024-07-14,38.25,61.5,32.19,6953,501.3,67.9,grazing,healthy
T010,2024-07-15,38.19,68.8,33.06,6603,520.7,74.4,standing,healthy
T010,2024-07-16,38.62,65.2,28.56,6673,528.1,65.0,grazing,healthy
T010,2024-07-17,38.87,67.2,31.86,5060,519.8,61.3,grazing,healthy
T010,2024-07-18,38.25,72.8,29.2,8101,497.9,74.8,lying,healthy
T010,2024-07-19,39.11,73.0,33.99,7026,525.8,62.9,grazing,healthy
T010,2024-07-20,38.72,73.5,27.85,7750,471.7,74.1,lying,healthy
T010,2024-07-21,38.49,66.4,30.69,7864,468.8,75.5,standing,healthy
T010,2024-07-22,38.5,68.1,37.35,6323,467.5,75.5,standing,healthy
T010,2024-07-23,38.32,64.7,30.91,8802,506.8,69.9,lying,healthy
T010,2024-07-24,38.6,71.0,32.76,10242,552.5,60.8,grazing,healthy
T010,2024-07-25,38.9,72.9,33.45,7922,476.0,66.8,grazing,healthy
T010,2024-07-26,38.55,68.6,34.89,7503,398.5,68.8,lying,healthy
T010,2024-07-27,38.52,63.1,30.76,7473,481.7,77.4,grazing,healthy
T010,2024-07-28,38.56,69.9,31.38,10400,488.0,70.9,walking,healthy
T010,2024-07-29,38.27,71.3,34.74,6493,467.2,75.5,walking,healthy
T010,2024-07-30,39.05,65.0,33.92,7473,466.8,60.3,standing,healthy
T011,2024-07-01,38.45,57.8,29.64,11232,499.8,67.4,grazing,healthy
T011,2024-07-02,38.63,76.1,31.47,9465,447.0,68.3,grazing,healthy
T011,2024-07-03,39.09,70.7,33.16,7635,452.2,68.2,lying,healthy
T011,2024-07-04,39.09,72.0,24.42,8967,496.0,53.9,lying,healthy
T011,2024-07-05,38.47,67.6,23.11,7867,530.5,67.7,grazing,healthy
T011,2024-07-06,38.76,67.2,27.57,7235,451.4,69.6,grazing,healthy
T011,2024-07-07,38.45,63.6,31.61,8743,512.2,77.0,standing,healthy
T011,2024-07-08,38.45,70.6,29.43,7754,408.1,69.5,standing,healthy
T011,2024-07-09,38.85,64.7,39.9,6006,478.8,79.7,standing,healthy
T011,2024-07-10,38.7,71.4,27.72,10939,406.0,64.2,standing,healthy
T011,2024-07-11,38.68,62.3,29.3,7537,492.9,58.0,lying,healthy
T011,2024-07-12,38.82,65.1,31.21,8307,473.8,70.8,grazing,healthy
T011,2024-07-13,38.55,69.7,30.59,7262,489.4,78.4,standing,healthy
T011,2024-07-14,38.65,73.6,35.79,8397,430.2,67.5,standing,healthy
T011,2024-07-15,39.09,63.0,33.22,9243,456.5,64.7,lying,healthy
T011,2024-07-16,38.77,67.9,28.31,7060,484.2,63.0,grazing,healthy
T011,2024-07-17,38.31,65.4,36.45,9941,451.3,56.3,grazing,healthy
T011,2024-07-18,38.95,69.6,23.39,9888,428.7,63.3,grazing,healthy
T011,2024-07-19,38.55,68.1,26.21,7566,496.3,68.2,lying,healthy
T011,2024-07-20,38.85,70.2,42.35,7049,505.8,72.2,grazing,healthy
T011,2024-07-21,38.63,67.2,34.65,7930,525.2,58.8,walking,healthy
T011,2024-07-22,38.7,65.8,25.88,7619,487.8,67.6,lying,healthy
T011,2024-07-23,38.88,69.8,32.32,9702,434.8,71.6,standing,healthy
T011,2024-07-24,39.0,68.4,35.24,7351,414.0,71.7,standing,healthy
T011,2024-07-25,38.06,63.6,25.61,8979,432.1,71.5,lying,healthy
T011,2024-07-26,38.82,63.8,25.11,9218,492.6,64.8,grazing,healthy
T011,2024-07-27,38.42,65.6,36.9,10356,506.6,68.1,grazing,healthy
T011,2024-07-28,38.5,69.9,27.94,8835,476.0,58.0,grazing,healthy
T011,2024-07-29,38.9,66.5,31.63,10690,581.2,71.2,grazing,healthy
T011,2024-07-30,38.65,72.3,34.98,9156,469.7,74.1,grazing,healthy
T012,2024-07-01,38.9,71.1,35.32,9729,471.4,69.8,lying,healthy
T012,2024-07-02,38.9,65.9,30.05,9430,469.5,68.5,standing,healthy
T012,2024-07-03,39.01,70.3,35.51,7617,471.9,61.8,grazing,healthy
T012,2024-07-04,38.73,69.1,34.36,9355,436.8,64.1,grazing,healthy
T012,2024-07-05,38.67,64.6,36.38,7043,508.7,69.5,standing,healthy
T012,2024-07-06,39.07,75.7,33.57,6721,436.5,59.2,lying,healthy
T012,2024-07-07,38.41,72.4,30.43,9546,452.9,55.6,walking,healthy
T012,2024-07-08,38.68,67.4,35.69,7353,520.2,72.7,walking,healthy
T012,2024-07-09,38.7,62.7,31.4,7891,437.9,60.1,lying,healthy
T012,2024-07-10,38.46,68.3,40.07,6755,449.1,76.0,lying,healthy
T012,2024-07-11,38.42,65.4,32.88,5668,439.4,59.8,walking,healthy
T012,2024-07-12,38.81,69.6,32.88,7794,478.5,60.9,walking,healthy
T012,2024-07-13,38.47,71.3,36.91,6060,500.3,75.0,lying,healthy
T012,2024-07-14,38.95,61.8,32.29,7912,529.9,70.1,walking,healthy
T012,2024-07-15,38.73,67.8,26.37,8221,491.6,65.4,lying,healthy
T012,2024-07-16,38.69,69.7,29.37,7369,482.7,66.9,lying,healthy
T012,2024-07-17,38.68,61.6,41.13,9348,426.4,69.9,grazing,healthy
T012,2024-07-18,38.88,70.3,30.12,6421,531.3,64.0,walking,healthy
T012,2024-07-19,38.64,69.0,35.51,8166,474.3,70.3,standing,healthy
T012,2024-07-20,39.14,70.7,33.95,9778,465.1,62.1,grazing,healthy
T012,2024-07-21,39.06,77.5,29.72,5757,482.3,70.1,grazing,healthy
T012,2024-07-22,39.33,65.0,37.0,6230,415.1,53.6,walking,healthy
T012,2024-07-23,38.65,71.4,31.52,7493,472.5,54.3,standing,healthy
T012,2024-07-24,38.99,67.9,34.39,7064,532.8,59.7,standing,healthy
T012,2024-07-25,38.72,66.9,36.82,7995,491.6,71.6,standing,healthy
T012,2024-07-26,38.54,63.5,33.71,5395,396.6,69.0,lying,healthy
T012,2024-07-27,38.91,70.2,35.73,7221,467.2,67.8,lying,healthy
T012,2024-07-28,38.97,68.0,38.05,4770,422.6,65.9,grazing,healthy
T012,2024-07-29,39.02,69.9,35.15,8341,543.6,59.0,standing,healthy
T012,2024-07-30,38.54,70.1,28.59,8519,475.5,76.3,standing,healthy
T013,2024-07-01,38.74,62.5,27.57,9040,548.5,63.3,lying,healthy
T013,2024-07-02,38.16,72.3,34.86,7713,430.0,78.9,walking,healthy
T013,2024-07-03,38.57,63.9,30.5,6509,484.3,67.5,walking,healthy
T013,2024-07-04,38.53,66.1,24.33,7541,481.6,56.7,standing,healthy
T013,2024-07-05,38.69,78.5,25.11,9616,510.3,74.5,grazing,healthy
T013,2024-07-06,39.07,69.4,31.63,5001,468.8,71.4,standing,healthy
T013,2024-07-07,38.99,64.8,29.82,9321,459.4,72.6,standing,healthy
T013,2024-07-08,38.64,66.9,34.34,8358,476.9,74.0,standing,healthy
T013,2024-07-09,38.49,72.8,27.9,5273,497.1,69.0,lying,healthy
T013,2024-07-10,38.33,67.2,27.33,10003,465.5,80.6,standing,healthy
T013,2024-07-11,38.87,70.6,24.99,7451,475.1,76.4,lying,healthy
T013,2024-07-12,38.8,73.6,31.98,8689,497.2,66.0,walking,healthy
T013,2024-07-13,38.64,73.6,33.25,7137,458.6,74.6,grazing,healthy
T013,2024-07-14,38.75,70.2,36.6,8732,486.2,84.0,standing,healthy
T013,2024-07-15,38.91,75.2,29.13,6611,452.6,66.3,standing,healthy
T013,2024-07-16,38.43,71.4,29.4,5928,476.5,74.2,lying,healthy
T013,2024-07-17,38.51,70.0,34.75,6857,505.3,66.3,grazing,healthy
T013,2024-07-18,38.85,62.3,35.08,6650,454.0,66.8,walking,healthy
T013,2024-07-19,38.81,71.4,24.56,8430,497.3,68.7,standing,healthy
T013,2024-07-20,38.78,64.2,36.57,7114,473.1,70.9,walking,healthy
T013,2024-07-21,38.75,68.4,28.92,8595,464.8,70.9,grazing,healthy
T013,2024-07-22,38.81,66.1,33.01,6793,479.8,79.8,grazing,healthy
T013,2024-07-23,38.43,63.9,29.01,7661,470.7,74.9,lying,healthy
T013,2024-07-24,38.99,63.2,33.22,9448,497.4,79.3,walking,healthy
T013,2024-07-25,39.14,69.0,34.81,7901,476.2,70.7,grazing,healthy
T013,2024-07-26,39.02,62.6,27.62,8627,480.9,71.6,lying,healthy
T013,2024-07-27,38.77,70.5,34.09,6942,479.7,84.6,walking,healthy
T013,2024-07-28,38.5,70.2,29.39,7714,430.7,79.5,walking,healthy
T013,2024-07-29,38.9,65.0,27.93,9313,534.4,76.2,lying,healthy
T013,2024-07-30,38.41,71.8,32.24,8393,522.0,77.9,grazing,healthy
T014,2024-07-01,38.81,63.4,33.81,7757,503.5,76.8,lying,healthy
T014,2024-07-02,38.55,67.4,36.26,8362,453.7,72.2,standing,healthy
T014,2024-07-03,38.91,64.8,36.1,7201,450.9,72.3,grazing,healthy
T014,2024-07-04,39.05,67.5,31.25,7392,454.1,69.3,grazing,healthy
T014,2024-07-05,38.7,65.0,31.27,6009,424.9,65.7,standing,healthy
T014,2024-07-06,38.32,66.2,29.31,9390,406.5,62.8,standing,healthy
T014,2024-07-07,38.56,62.8,30.02,8258,462.9,64.1,standing,healthy
T014,2024-07-08,38.97,66.5,23.44,7827,489.4,69.1,standing,healthy
T014,2024-07-09,38.8,78.8,33.64,6717,438.7,56.7,standing,healthy
T014,2024-07-10,38.28,66.4,26.73,5004,461.0,77.3,walking,healthy
T014,2024-07-11,38.87,69.5,33.84,5517,432.3,72.5,standing,healthy
T014,2024-07-12,39.18,67.7,17.11,6113,427.2,73.6,grazing,healthy
T014,2024-07-13,38.32,64.3,39.1,7666,433.5,65.6,grazing,healthy
T014,2024-07-14,38.82,63.0,30.49,11513,398.9,71.4,walking,healthy
T014,2024-07-15,39.12,63.3,33.05,6596,421.4,62.4,standing,healthy
T014,2024-07-16,38.86,66.3,33.78,7774,444.4,70.1,standing,healthy
T014,2024-07-17,39.05,66.0,28.84,7723,483.3,68.6,grazing,healthy
T014,2024-07-18,38.88,64.1,29.0,7143,429.4,70.6,standing,healthy
T014,2024-07-19,38.88,72.9,29.2,8618,369.0,63.9,standing,healthy
T014,2024-07-20,38.96,67.9,29.12,7070,439.6,72.7,lying,healthy
T014,2024-07-21,38.6,69.8,19.71,7373,423.6,75.7,grazing,healthy
T014,2024-07-22,38.6,63.6,42.92,8310,442.8,72.7,lying,healthy
T014,2024-07-23,38.23,74.9,30.78,8396,440.5,64.9,standing,healthy
T014,2024-07-24,38.81,64.4,28.4,7312,484.8,64.5,lying,healthy
T014,2024-07-25,38.62,69.4,28.78,9008,466.0,78.5,grazing,healthy
T014,2024-07-26,38.59,67.3,38.97,8202,417.5,60.2,standing,healthy
T014,2024-07-27,38.77,69.0,31.55,8302,497.3,73.3,lying,healthy
T014,2024-07-28,38.83,70.1,27.74,6747,476.7,73.6,walking,healthy
T014,2024-07-29,38.6,67.1,24.69,7512,476.9,64.6,grazing,healthy
T014,2024-07-30,38.63,63.4,27.14,8410,440.1,70.3,lying,healthy
T015,2024-07-01,39.06,64.2,37.41,9493,483.4,75.7,standing,healthy
T015,2024-07-02,38.4,66.0,27.33,7195,425.7,70.3,standing,healthy
T015,2024-07-03,39.11,60.4,29.24,6503,561.2,74.4,lying,healthy
T015,2024-07-04,38.71,71.4,35.18,10764,520.0,67.6,lying,healthy
T015,2024-07-05,38.89,67.5,29.97,6812,576.1,78.0,standing,healthy
T015,2024-07-06,38.83,69.7,38.91,6014,512.0,68.5,lying,healthy
T015,2024-07-07,38.79,66.4,38.04,9005,444.9,71.9,lying,healthy
T015,2024-07-08,38.29,69.7,31.5,5468,480.2,75.9,lying,healthy
T015,2024-07-09,38.55,61.9,16.81,7695,511.0,76.1,grazing,healthy
T015,2024-07-10,38.56,64.8,19.49,8815,485.1,71.0,standing,healthy
T015,2024-07-11,39.17,58.0,26.59,8871,457.3,69.3,grazing,healthy
T015,2024-07-12,38.79,67.5,26.37,8628,459.9,70.0,standing,healthy
T015,2024-07-13,38.8,70.9,20.33,9788,479.9,71.5,lying,healthy
T015,2024-07-14,38.98,66.1,28.25,6891,429.1,75.9,standing,healthy
T015,2024-07-15,39.0,63.2,27.77,8694,480.0,68.4,standing,healthy
T015,2024-07-16,38.55,68.6,34.13,8300,436.5,71.1,grazing,healthy
T015,2024-07-17,38.62,68.9,32.67,6631,551.3,70.1,walking,healthy
T015,2024-07-18,39.09,74.5,27.29,7893,501.3,69.8,grazing,healthy
T015,2024-07-19,38.99,60.1,24.52,8040,502.5,68.6,lying,healthy
T015,2024-07-20,38.98,70.7,21.61,7988,488.7,78.0,lying,healthy
T015,2024-07-21,38.51,72.2,32.18,8113,512.0,64.7,grazing,healthy
T015,2024-07-22,38.89,68.3,28.04,9949,529.7,71.6,standing,healthy
T015,2024-07-23,38.39,69.8,21.14,6771,481.8,67.1,grazing,healthy
T015,2024-07-24,38.38,64.6,28.54,6809,503.7,66.7,grazing,healthy
T015,2024-07-25,38.55,67.4,32.88,5799,537.8,69.4,standing,healthy
T015,2024-07-26,38.58,65.3,34.07,8407,474.0,71.0,lying,healthy
T015,2024-07-27,38.66,71.8,24.95,8897,482.3,74.0,standing,healthy
T015,2024-07-28,38.15,72.8,28.34,7513,514.6,72.7,grazing,healthy
T015,2024-07-29,38.54,67.6,25.52,9376,478.7,51.5,lying,healthy
T015,2024-07-30,38.59,70.7,18.88,8609,450.2,72.6,standing,healthy
T016,2024-07-01,38.67,68.6,30.88,6981,429.6,68.1,walking,healthy
T016,2024-07-02,38.9,66.7,29.9,8315,446.3,55.9,standing,healthy
T016,2024-07-03,39.01,70.1,35.71,8200,424.1,62.5,grazing,healthy
T016,2024-07-04,39.12,63.4,29.61,7253,483.9,71.2,walking,healthy
T016,2024-07-05,38.67,70.8,41.58,6719,409.0,53.2,lying,healthy
T016,2024-07-06,39.06,68.8,35.49,8227,514.1,66.3,standing,healthy
T016,2024-07-07,38.53,65.3,27.83,8601,494.2,67.2,lying,healthy
T016,2024-07-08,39.0,74.8,38.61,8714,402.5,75.5,standing,healthy
T016,2024-07-09,38.59,70.9,26.58,8506,510.7,68.7,standing,healthy
T016,2024-07-10,39.04,69.3,30.02,4772,455.4,67.7,lying,healthy
T016,2024-07-11,38.5,75.6,25.55,7768,497.9,57.0,grazing,healthy
T016,2024-07-12,39.18,75.8,27.83,7522,469.6,59.7,lying,healthy
T016,2024-07-13,38.73,71.1,33.3,6568,470.7,53.3,walking,healthy
T016,2024-07-14,38.8,68.6,36.63,9030,458.6,66.0,standing,healthy
T016,2024-07-15,38.55,65.2,36.65,9389,454.4,64.8,grazing,healthy
T016,2024-07-16,39.06,63.0,22.44,8443,436.1,66.2,lying,healthy
T016,2024-07-17,38.99,70.9,27.19,9284,503.6,65.3,grazing,healthy
T016,2024-07-18,38.92,79.1,31.76,6427,512.3,55.0,lying,healthy
T016,2024-07-19,38.69,67.2,28.49,7147,512.3,49.6,grazing,healthy
T016,2024-07-20,38.63,72.1,27.63,5399,504.9,71.3,lying,healthy
T016,2024-07-21,38.85,64.2,32.28,6188,501.2,70.9,grazing,healthy
T016,2024-07-22,38.77,72.3,34.66,9393,446.6,54.1,walking,healthy
T016,2024-07-23,38.68,69.7,31.07,6245,502.0,78.4,standing,healthy
T016,2024-07-24,39.07,77.1,34.27,5870,531.7,64.4,standing,healthy
T016,2024-07-25,39.0,61.8,38.46,8268,511.7,56.4,lying,healthy
T016,2024-07-26,38.92,64.3,22.2,8573,449.6,63.6,grazing,healthy
T016,2024-07-27,38.51,72.9,26.97,9639,452.7,74.0,lying,healthy
T016,2024-07-28,38.82,64.1,30.91,7961,456.3,61.5,lying,healthy
T016,2024-07-29,38.88,64.1,26.12,5328,399.9,56.4,walking,healthy
T016,2024-07-30,39.27,64.9,32.09,8186,548.2,61.2,walking,healthy
T017,2024-07-01,38.35,76.7,35.82,7964,501.5,75.7,lying,healthy
T017,2024-07-02,38.39,68.5,26.9,7422,493.7,64.4,standing,healthy
T017,2024-07-03,38.42,75.9,24.22,8345,517.7,82.6,grazing,healthy
T017,2024-07-04,38.43,65.2,34.5,8415,437.1,68.4,lying,healthy
T017,2024-07-05,38.41,70.7,31.03,7398,537.2,65.0,lying,healthy
T017,2024-07-06,38.43,62.9,37.34,7859,444.9,67.6,standing,healthy
T017,2024-07-07,38.73,65.6,30.11,8241,480.2,58.4,grazing,healthy
T017,2024-07-08,38.8,73.1,31.42,9301,485.6,59.9,grazing,healthy
T017,2024-07-09,38.97,77.1,34.46,8433,420.9,61.3,standing,healthy
T017,2024-07-10,38.6,73.6,32.95,5680,470.2,65.5,lying,healthy
T017,2024-07-11,38.59,66.4,28.6,7067,421.6,68.2,lying,healthy
T017,2024-07-12,38.39,58.5,28.94,7430,472.2,64.6,standing,healthy
T017,2024-07-13,38.53,74.8,39.0,7891,501.4,70.1,walking,healthy
T017,2024-07-14,38.2,66.0,34.15,5559,469.7,70.9,standing,healthy
T017,2024-07-15,38.56,71.9,20.98,9187,514.1,67.2,lying,healthy
T017,2024-07-16,37.88,68.4,32.74,6497,505.2,60.7,standing,healthy
T017,2024-07-17,38.39,70.0,28.05,8352,533.3,73.9,standing,healthy
T017,2024-07-18,38.52,64.4,24.56,8341,453.3,66.0,lying,healthy
T017,2024-07-19,38.68,69.3,30.19,8338,446.9,76.3,lying,healthy
T017,2024-07-20,38.31,72.8,31.73,8129,475.4,70.0,standing,healthy
T017,2024-07-21,38.44,73.1,20.48,8341,378.3,63.2,standing,healthy
T017,2024-07-22,38.94,73.5,25.2,4272,447.3,75.9,walking,healthy
T017,2024-07-23,38.1,67.6,24.88,10412,521.3,73.1,standing,healthy
T017,2024-07-24,38.33,72.8,27.65,5580,480.7,72.7,grazing,healthy
T017,2024-07-25,38.97,70.8,37.06,6242,464.3,65.8,walking,healthy
T017,2024-07-26,38.14,60.6,31.0,7685,457.6,75.0,standing,healthy
T017,2024-07-27,38.3,70.6,31.01,7540,420.1,70.4,walking,healthy
T017,2024-07-28,38.34,70.3,19.16,7638,467.3,74.6,walking,healthy
T017,2024-07-29,38.58,66.8,36.36,8105,472.3,61.4,standing,healthy
T017,2024-07-30,38.6,65.5,27.09,8367,401.3,59.7,walking,healthy
T018,2024-07-01,39.2,66.4,36.92,8067,550.2,57.3,walking,healthy
T018,2024-07-02,39.01,68.8,35.03,6808,459.9,68.9,standing,healthy
T018,2024-07-03,39.4,68.0,35.63,6253,442.3,72.7,lying,healthy
T018,2024-07-04,39.03,68.8,36.63,6371,496.2,72.5,grazing,healthy
T018,2024-07-05,38.64,66.9,37.49,8445,421.5,68.3,lying,healthy
T018,2024-07-06,38.72,60.9,37.92,8275,452.0,57.7,standing,healthy
T018,2024-07-07,39.04,65.5,31.05,8249,484.3,67.8,grazing,healthy
T018,2024-07-08,38.51,63.4,32.01,6334,459.3,63.4,lying,healthy
T018,2024-07-09,38.95,68.8,35.63,6721,483.8,69.5,standing,healthy
T018,2024-07-10,38.97,68.6,27.01,8880,547.3,66.2,lying,healthy
T018,2024-07-11,38.8,65.1,33.79,7688,511.3,58.6,grazing,healthy
T018,2024-07-12,39.09,66.3,33.92,6343,499.2,73.1,standing,healthy
T018,2024-07-13,38.87,68.3,32.44,7086,511.3,65.7,lying,healthy
T018,2024-07-14,38.97,66.7,26.06,7557,472.8,77.0,walking,healthy
T018,2024-07-15,39.21,67.4,34.51,8373,512.2,72.5,lying,healthy
T018,2024-07-16,38.98,70.4,31.12,6075,472.1,67.3,walking,healthy
T018,2024-07-17,38.66,64.6,31.48,7681,451.2,74.3,standing,healthy
T018,2024-07-18,38.9,66.9,31.84,7569,421.7,58.6,lying,healthy
T018,2024-07-19,39.14,67.4,46.7,10282,463.2,65.5,walking,healthy
T018,2024-07-20,38.5,75.0,38.41,6785,487.4,63.3,walking,healthy
T018,2024-07-21,38.59,58.7,35.97,6205,398.9,67.0,walking,healthy
T018,2024-07-22,38.89,68.1,31.08,8087,420.2,63.7,standing,healthy
T018,2024-07-23,38.71,70.1,33.56,7500,434.7,65.1,lying,healthy
T018,2024-07-24,38.58,62.0,38.66,8331,465.8,63.4,grazing,healthy
T018,2024-07-25,38.72,60.1,32.58,9936,479.3,66.0,lying,healthy
T018,2024-07-26,38.95,61.5,33.41,6550,419.8,63.1,grazing,healthy
T018,2024-07-27,39.14,66.0,28.59,6294,407.6,69.0,lying,healthy
T018,2024-07-28,39.12,66.8,32.04,8472,444.3,64.3,grazing,healthy
T018,2024-07-29,38.85,66.7,27.42,5758,485.8,62.9,standing,healthy
T018,2024-07-30,38.67,69.3,34.29,6673,441.4,66.7,grazing,healthy
T019,2024-07-01,38.68,67.3,32.33,6610,440.8,59.7,lying,healthy
T019,2024-07-02,38.36,70.0,27.47,7235,445.0,76.7,grazing,healthy
T019,2024-07-03,38.76,64.0,33.27,6788,479.8,60.4,standing,healthy
T019,2024-07-04,38.31,67.5,33.23,8626,471.7,70.4,standing,healthy
T019,2024-07-05,38.62,67.8,32.2,7030,517.4,61.0,standing,healthy
T019,2024-07-06,38.88,69.1,35.26,6277,437.6,59.6,standing,healthy
T019,2024-07-07,39.09,73.0,33.09,6643,465.5,64.3,standing,healthy
T019,2024-07-08,38.58,72.7,38.91,6621,525.6,65.1,lying,healthy
T019,2024-07-09,38.89,65.9,33.6,9586,437.6,65.8,walking,healthy
T019,2024-07-10,38.72,65.6,25.15,7204,467.2,61.6,lying,healthy
T019,2024-07-11,38.75,69.3,38.82,8083,511.3,59.7,standing,healthy
T019,2024-07-12,38.8,67.0,34.06,9625,453.5,70.3,grazing,healthy
T019,2024-07-13,38.73,71.8,32.47,5909,469.5,69.8,lying,healthy
T019,2024-07-14,38.8,69.2,30.92,7153,374.9,72.2,walking,healthy
T019,2024-07-15,38.7,70.8,34.0,6862,409.6,65.7,grazing,healthy
T019,2024-07-16,39.01,68.6,33.95,8922,498.1,66.0,standing,healthy
T019,2024-07-17,39.03,74.7,27.14,10001,465.1,76.0,standing,healthy
T019,2024-07-18,38.41,69.2,38.68,7051,443.8,67.3,standing,healthy
T019,2024-07-19,39.18,67.6,33.85,9136,474.3,79.1,standing,healthy
T019,2024-07-20,38.82,63.9,30.72,8880,434.8,69.1,standing,healthy
T019,2024-07-21,39.06,70.7,38.26,9055,503.0,68.4,lying,healthy
T019,2024-07-22,38.86,65.7,32.26,9212,457.2,58.1,lying,healthy
T019,2024-07-23,39.14,66.4,35.49,8600,491.4,66.3,standing,healthy
T019,2024-07-24,38.44,69.3,39.65,6384,494.6,71.8,grazing,healthy
T019,2024-07-25,38.29,65.1,39.89,7966,503.3,64.4,lying,healthy
T019,2024-07-26,38.85,77.9,37.02,6406,488.5,76.8,grazing,healthy
T019,2024-07-27,38.39,69.4,32.24,8560,527.1,71.4,walking,healthy
T019,2024-07-28,38.5,67.0,42.64,5226,488.9,59.5,grazing,healthy
T019,2024-07-29,38.78,75.7,27.89,5706,459.9,56.2,grazing,healthy
T019,2024-07-30,38.95,68.0,35.07,9440,446.3,67.8,lying,healthy
T020,2024-07-01,38.65,69.9,28.32,8714,372.4,64.2,standing,healthy
T020,2024-07-02,38.47,65.6,41.56,7981,471.2,63.9,standing,healthy
T020,2024-07-03,38.63,65.7,32.31,8849,448.9,67.4,lying,healthy
T020,2024-07-04,39.07,75.4,28.91,6485,457.4,63.0,standing,healthy
T020,2024-07-05,39.05,71.2,38.35,6102,426.8,50.9,grazing,healthy
T020,2024-07-06,38.41,63.4,38.4,7904,499.5,81.2,standing,healthy
T020,2024-07-07,38.88,66.3,37.62,11603,463.4,70.3,walking,healthy
T020,2024-07-08,38.71,65.8,35.03,8866,474.8,61.9,grazing,healthy
T020,2024-07-09,38.89,67.0,37.84,8307,433.8,69.8,lying,healthy
T020,2024-07-10,38.84,72.5,30.36,7195,461.3,77.7,standing,healthy
T020,2024-07-11,38.54,68.4,32.84,5334,453.5,66.1,standing,healthy
T020,2024-07-12,38.55,73.9,32.83,8008,465.0,64.9,grazing,healthy
T020,2024-07-13,38.86,68.3,39.6,7440,428.6,76.5,grazing,healthy
T020,2024-07-14,38.42,63.1,39.05,8945,489.8,72.8,standing,healthy
T020,2024-07-15,38.27,64.9,40.55,9096,464.9,69.4,grazing,healthy
T020,2024-07-16,38.91,67.2,31.43,6521,446.5,76.4,walking,healthy
T020,2024-07-17,39.06,66.5,33.38,5486,451.1,61.7,lying,healthy
T020,2024-07-18,38.68,65.5,42.05,9244,526.5,63.8,lying,healthy
T020,2024-07-19,38.59,68.0,39.29,9597,463.2,65.6,grazing,healthy
T020,2024-07-20,38.67,57.2,35.62,8572,513.9,70.1,grazing,healthy
T020,2024-07-21,38.27,57.5,36.22,7820,449.0,69.4,grazing,healthy
T020,2024-07-22,38.46,67.9,24.58,9659,458.3,69.8,grazing,healthy
T020,2024-07-23,38.49,68.3,34.53,8567,457.6,56.9,grazing,healthy
T020,2024-07-24,38.41,65.6,32.7,7006,461.7,77.0,standing,healthy
T020,2024-07-25,38.53,64.1,33.68,8582,466.7,69.8,standing,healthy
T020,2024-07-26,38.63,71.9,30.1,9221,463.6,61.3,walking,healthy
T020,2024-07-27,38.55,67.8,36.25,8286,512.0,53.4,lying,healthy
T020,2024-07-28,38.87,67.0,33.09,8898,490.7,69.0,grazing,healthy
T020,2024-07-29,37.9,70.3,35.57,6526,432.6,62.1,lying,healthy
T020,2024-07-30,38.45,68.6,33.55,6418,407.4,68.4,lying,healthy
T021,2024-07-01,38.81,75.4,29.02,8540,389.0,53.7,standing,healthy
T021,2024-07-02,38.88,78.0,31.01,8436,398.9,69.0,grazing,healthy
T021,2024-07-03,39.15,61.7,37.29,7324,469.8,58.7,lying,healthy
T021,2024-07-04,38.38,67.7,37.99,8581,499.9,74.5,standing,healthy
T021,2024-07-05,38.53,68.1,24.25,8332,529.0,71.1,walking,healthy
T021,2024-07-06,38.66,72.2,32.08,10240,473.9,63.6,lying,healthy
T021,2024-07-07,38.61,72.0,29.9,9106,441.9,67.7,lying,healthy
T021,2024-07-08,38.79,75.8,32.41,9340,420.6,58.7,lying,healthy
T021,2024-07-09,38.36,59.9,30.73,7341,418.3,67.7,lying,healthy
T021,2024-07-10,38.76,69.2,31.4,9131,413.2,72.7,standing,healthy
T021,2024-07-11,39.05,66.2,32.03,10080,473.3,71.1,standing,healthy
T021,2024-07-12,38.56,67.4,36.61,7543,440.2,64.7,walking,healthy
T021,2024-07-13,38.39,63.8,31.76,6838,424.4,65.6,grazing,healthy
T021,2024-07-14,38.33,65.7,25.61,8500,449.8,61.3,lying,healthy
T021,2024-07-15,38.45,70.0,32.92,7586,487.3,61.3,standing,healthy
T021,2024-07-16,38.95,61.1,27.07,9479,478.7,73.7,standing,healthy
T021,2024-07-17,38.52,74.8,29.38,9004,411.7,72.6,standing,healthy
T021,2024-07-18,38.72,69.7,38.2,7858,390.3,73.3,grazing,healthy
T021,2024-07-19,38.22,75.8,35.8,7268,453.1,67.8,lying,healthy
T021,2024-07-20,38.27,68.1,25.14,6619,422.5,61.5,grazing,healthy
T021,2024-07-21,38.64,69.6,34.41,8414,440.8,71.6,standing,healthy
T021,2024-07-22,38.84,72.1,33.2,10535,486.5,78.4,standing,healthy
T021,2024-07-23,38.05,65.3,32.19,5854,433.0,61.5,walking,healthy
T021,2024-07-24,38.7,66.0,33.16,8221,489.0,62.3,walking,healthy
T021,2024-07-25,38.65,68.6,31.98,7252,459.0,64.5,standing,healthy
T021,2024-07-26,38.57,70.3,30.52,9577,465.0,64.4,grazing,healthy
T021,2024-07-27,38.75,71.4,25.08,6948,418.4,74.6,grazing,healthy
T021,2024-07-28,38.91,73.3,37.13,8576,421.6,64.8,lying,healthy
T021,2024-07-29,38.65,70.2,35.13,7250,450.0,61.7,grazing,healthy
T021,2024-07-30,38.05,62.4,35.87,7147,453.6,67.7,lying,healthy
T022,2024-07-01,38.49,63.5,35.63,6267,502.4,67.0,grazing,healthy
T022,2024-07-02,38.69,71.9,30.44,7264,533.7,73.1,standing,healthy
T022,2024-07-03,39.01,66.9,32.52,8015,451.3,71.2,standing,healthy
T022,2024-07-04,38.67,72.7,36.74,4734,505.9,68.0,walking,healthy
T022,2024-07-05,38.6,66.0,39.22,7750,543.2,71.6,lying,healthy
T022,2024-07-06,38.99,61.2,37.41,9183,553.3,73.0,walking,healthy
T022,2024-07-07,38.57,63.4,37.88,7907,502.6,72.2,standing,healthy
T022,2024-07-08,39.19,73.0,37.23,8637,521.2,72.6,standing,healthy
T022,2024-07-09,38.37,72.2,28.67,7736,469.3,73.2,standing,healthy
T022,2024-07-10,38.94,68.0,31.98,6879,499.0,79.6,grazing,healthy
T022,2024-07-11,38.82,64.2,31.4,6768,528.8,80.0,grazing,healthy
T022,2024-07-12,38.59,60.6,35.08,7306,462.8,63.6,lying,healthy
T022,2024-07-13,38.32,69.6,33.09,7858,523.0,71.5,standing,healthy
T022,2024-07-14,38.71,70.0,34.73,7859,466.4,66.4,lying,healthy
T022,2024-07-15,38.68,64.4,32.17,7812,511.0,64.5,standing,healthy
T022,2024-07-16,39.06,63.0,42.93,7904,535.0,78.7,standing,healthy
T022,2024-07-17,38.71,65.8,34.81,8593,516.4,64.6,walking,healthy
T022,2024-07-18,38.45,71.2,33.23,7544,503.3,70.4,lying,healthy
T022,2024-07-19,38.46,75.8,25.86,6588,511.8,73.4,standing,healthy
T022,2024-07-20,38.69,67.0,35.1,8302,465.3,75.1,grazing,healthy
T022,2024-07-21,38.7,66.8,29.52,7833,480.0,73.8,walking,healthy
T022,2024-07-22,39.13,61.6,32.95,7929,474.8,64.8,walking,healthy
T022,2024-07-23,39.08,68.1,31.37,6976,527.1,66.4,lying,healthy
T022,2024-07-24,38.66,65.4,34.18,7500,457.3,68.1,grazing,healthy
T022,2024-07-25,38.58,71.3,34.99,6085,498.6,74.6,grazing,healthy
T022,2024-07-26,39.16,66.2,30.59,8076,546.6,61.6,standing,healthy
T022,2024-07-27,38.86,59.3,34.01,7570,489.1,77.6,grazing,healthy
T022,2024-07-28,38.95,68.9,41.83,5444,458.1,80.9,standing,healthy
T022,2024-07-29,38.63,70.0,37.14,6274,501.2,57.8,standing,healthy
T022,2024-07-30,38.65,72.2,31.51,7904,457.8,83.5,lying,healthy
T023,2024-07-01,38.89,69.4,37.52,6750,480.2,72.8,lying,healthy
T023,2024-07-02,38.81,70.4,30.06,6841,574.1,57.5,walking,healthy
T023,2024-07-03,38.69,59.9,19.09,8676,510.4,64.9,grazing,healthy
T023,2024-07-04,39.05,67.1,43.71,7408,457.8,67.9,lying,healthy
T023,2024-07-05,38.66,68.2,34.65,8532,581.3,64.3,standing,healthy
T023,2024-07-06,38.46,64.4,41.32,6719,530.0,64.3,grazing,healthy
T023,2024-07-07,38.41,65.4,39.33,6504,507.1,70.1,standing,healthy
T023,2024-07-08,38.29,63.0,35.13,8828,531.5,72.4,grazing,healthy
T023,2024-07-09,39.09,67.1,29.25,9530,481.4,60.0,standing,healthy
T023,2024-07-10,38.87,65.4,24.62,5965,462.2,64.5,standing,healthy
T023,2024-07-11,38.77,70.0,37.57,7782,489.5,60.3,grazing,healthy
T023,2024-07-12,38.34,66.4,37.43,7458,526.5,65.7,grazing,healthy
T023,2024-07-13,39.09,65.6,34.51,8150,518.4,66.7,standing,healthy
T023,2024-07-14,38.69,68.5,26.54,10053,540.1,66.5,grazing,healthy
T023,2024-07-15,38.63,72.0,34.17,7652,495.3,65.7,standing,healthy
T023,2024-07-16,37.91,68.1,40.83,7503,561.5,68.7,standing,healthy
T023,2024-07-17,38.46,69.2,36.15,6589,507.1,58.0,grazing,healthy
T023,2024-07-18,38.88,55.6,32.42,6897,519.3,78.2,standing,healthy
T023,2024-07-19,39.21,72.4,30.69,7311,491.7,63.0,walking,healthy
T023,2024-07-20,38.77,72.7,29.19,8477,461.6,70.9,grazing,healthy
T023,2024-07-21,38.46,64.0,32.96,6080,497.0,72.4,standing,healthy
T023,2024-07-22,38.9,73.4,31.96,7647,531.7,66.5,lying,healthy
T023,2024-07-23,38.86,67.9,37.25,6194,394.7,67.9,lying,healthy
T023,2024-07-24,38.77,67.6,22.42,5661,520.5,65.8,lying,healthy
T023,2024-07-25,39.06,66.9,30.04,7468,515.1,65.3,lying,healthy
T023,2024-07-26,38.38,67.8,31.23,10412,570.1,61.7,grazing,healthy
T023,2024-07-27,38.19,62.4,28.65,7276,450.0,61.8,grazing,healthy
T023,2024-07-28,38.86,67.8,30.33,6740,546.3,57.9,grazing,healthy
T023,2024-07-29,38.78,69.2,30.73,9334,475.3,70.0,standing,healthy
T023,2024-07-30,38.63,67.9,25.86,8502,498.9,56.0,grazing,healthy
T024,2024-07-01,38.25,68.4,31.19,6338,536.1,65.3,lying,healthy
T024,2024-07-02,38.68,64.5,34.14,8090,483.3,77.7,lying,healthy
T024,2024-07-03,38.59,69.9,21.49,10638,507.4,70.1,walking,healthy
T024,2024-07-04,38.57,68.2,30.25,7865,479.2,70.8,lying,healthy
T024,2024-07-05,38.56,62.6,32.96,5134,495.5,69.0,standing,healthy
T024,2024-07-06,38.6,68.6,33.5,8959,579.6,76.1,standing,healthy
T024,2024-07-07,38.58,63.9,27.27,7886,465.0,75.0,standing,healthy
T024,2024-07-08,38.84,64.8,38.73,8116,494.8,71.6,standing,healthy
T024,2024-07-09,38.89,66.1,29.83,9417,496.8,73.1,standing,healthy
T024,2024-07-10,38.48,61.2,33.28,6470,479.9,63.4,lying,healthy
T024,2024-07-11,38.9,70.4,31.54,6001,452.9,67.0,grazing,healthy
T024,2024-07-12,38.5,70.4,29.65,6968,457.5,71.1,grazing,healthy
T024,2024-07-13,38.6,73.3,37.02,7530,444.3,70.5,lying,healthy
T024,2024-07-14,38.84,72.0,37.31,7800,492.2,63.8,grazing,healthy
T024,2024-07-15,38.88,73.7,35.31,6673,473.1,70.7,lying,healthy
T024,2024-07-16,38.6,64.0,33.07,7004,563.9,74.6,walking,healthy
T024,2024-07-17,38.62,70.2,33.31,8923,523.2,60.8,lying,healthy
T024,2024-07-18,39.28,72.8,27.63,8348,524.6,66.8,standing,healthy
T024,2024-07-19,38.79,73.0,36.85,8585,500.3,60.9,grazing,healthy
T024,2024-07-20,38.85,67.7,28.2,7127,507.1,68.5,lying,healthy
T024,2024-07-21,38.57,67.1,29.07,8780,478.5,78.0,lying,healthy
T024,2024-07-22,38.59,73.2,23.97,6087,504.2,55.8,grazing,healthy
T024,2024-07-23,38.83,59.1,27.91,8478,498.9,68.4,grazing,healthy
T024,2024-07-24,39.19,71.9,33.68,6889,594.3,73.0,lying,healthy
T024,2024-07-25,38.7,70.3,30.34,7261,513.7,87.9,standing,healthy
T024,2024-07-26,38.55,70.1,32.52,5556,454.5,64.3,walking,healthy
T024,2024-07-27,38.99,70.0,30.0,7141,544.8,73.6,standing,healthy
T024,2024-07-28,38.59,68.1,36.84,7493,490.3,72.2,lying,healthy
T024,2024-07-29,38.77,69.6,33.04,6369,482.3,59.6,lying,healthy
T024,2024-07-30,38.27,72.2,33.36,5684,506.0,75.2,lying,healthy
T025,2024-07-01,38.6,74.5,34.53,8734,456.7,71.4,grazing,healthy
T025,2024-07-02,38.57,67.9,24.7,7222,449.2,75.0,grazing,healthy
T025,2024-07-03,38.98,69.4,31.59,6504,476.7,76.6,standing,healthy
T025,2024-07-04,38.77,71.8,31.06,6434,500.6,61.0,grazing,healthy
T025,2024-07-05,38.46,68.1,40.04,8059,526.0,65.3,grazing,healthy
T025,2024-07-06,38.72,64.9,36.81,10150,538.7,81.6,walking,healthy
T025,2024-07-07,38.79,64.0,33.42,8195,478.5,78.1,grazing,healthy
T025,2024-07-08,39.35,65.1,32.69,9651,522.3,76.1,standing,healthy
T025,2024-07-09,38.7,62.4,40.48,7936,503.8,77.7,grazing,healthy
T025,2024-07-10,38.49,71.2,30.11,8160,492.4,76.6,grazing,healthy
T025,2024-07-11,39.07,69.0,33.16,8606,523.0,66.2,lying,healthy
T025,2024-07-12,38.78,69.0,28.33,11126,504.2,76.2,lying,healthy
T025,2024-07-13,38.77,74.7,30.16,6028,544.5,64.1,grazing,healthy
T025,2024-07-14,38.66,66.7,28.59,7240,537.3,72.1,standing,healthy
T025,2024-07-15,38.56,68.6,33.25,8652,545.4,74.7,lying,healthy
T025,2024-07-16,38.88,70.3,30.78,7507,496.4,76.2,standing,healthy
T025,2024-07-17,38.61,72.1,30.98,9266,520.2,71.6,walking,healthy
T025,2024-07-18,38.72,67.6,37.26,6497,530.6,72.1,standing,healthy
T025,2024-07-19,38.33,68.6,45.94,7846,476.4,74.0,walking,healthy
T025,2024-07-20,38.25,64.5,39.13,6796,496.5,65.5,lying,healthy
T025,2024-07-21,38.83,70.2,40.92,6393,451.1,71.6,standing,healthy
T025,2024-07-22,38.77,69.8,33.83,7062,467.1,78.3,grazing,healthy
T025,2024-07-23,38.81,66.5,33.77,6892,576.5,68.6,standing,healthy
T025,2024-07-24,38.76,67.1,39.28,6928,462.6,75.0,standing,healthy
T025,2024-07-25,38.93,66.7,30.51,8280,542.9,86.7,lying,healthy
T025,2024-07-26,38.98,68.4,39.06,9027,518.1,76.9,grazing,healthy
T025,2024-07-27,38.67,69.2,30.53,7417,474.0,83.1,standing,healthy
T025,2024-07-28,38.77,66.4,21.35,9802,521.8,75.0,walking,healthy
T025,2024-07-29,38.65,75.2,35.09,6713,506.9,74.2,walking,healthy
T025,2024-07-30,39.29,70.7,31.6,7050,521.8,81.9,grazing,healthy
T026,2024-07-01,38.87,69.7,29.11,7093,454.7,56.0,standing,healthy
T026,2024-07-02,38.47,66.4,36.21,5550,401.9,60.4,grazing,healthy
T026,2024-07-03,38.74,69.7,38.82,6729,509.2,61.6,standing,healthy
T026,2024-07-04,38.76,71.9,35.08,5699,545.0,67.1,standing,healthy
T026,2024-07-05,38.57,71.1,26.84,6152,443.8,65.4,grazing,healthy
T026,2024-07-06,38.84,63.7,34.71,9558,499.8,72.2,lying,healthy
T026,2024-07-07,38.52,71.6,40.54,8387,418.6,59.4,lying,healthy
T026,2024-07-08,39.17,70.2,36.9,6519,480.9,66.4,lying,healthy
T026,2024-07-09,38.64,64.6,30.04,6521,461.5,72.3,walking,healthy
T026,2024-07-10,38.6,65.4,32.65,9576,436.5,62.2,walking,healthy
T026,2024-07-11,38.94,68.8,34.35,7782,452.9,66.2,grazing,healthy
T026,2024-07-12,38.27,65.2,25.29,8492,513.9,63.8,walking,healthy
T026,2024-07-13,38.48,66.0,31.15,6752,458.9,69.5,standing,healthy
T026,2024-07-14,38.75,71.7,32.33,6228,506.0,59.5,lying,healthy
T026,2024-07-15,38.6,59.2,24.46,7838,492.5,67.1,grazing,healthy
T026,2024-07-16,38.77,69.4,39.2,8051,442.0,55.3,lying,healthy
T026,2024-07-17,38.22,66.9,33.25,7942,473.2,59.3,standing,healthy
T026,2024-07-18,38.61,66.7,22.55,6110,493.5,69.7,lying,healthy
T026,2024-07-19,38.36,63.5,28.53,7705,486.1,69.3,lying,healthy
T026,2024-07-20,38.78,68.1,31.1,8494,494.1,58.4,lying,healthy
T026,2024-07-21,38.88,68.1,39.54,5827,424.4,51.8,walking,healthy
T026,2024-07-22,38.94,62.1,35.51,7468,449.0,66.1,grazing,healthy
T026,2024-07-23,38.2,69.2,28.12,7277,489.7,65.4,lying,healthy
T026,2024-07-24,38.72,65.1,37.55,7263,424.3,63.2,standing,healthy
T026,2024-07-25,38.48,71.5,30.27,8631,457.6,53.0,grazing,healthy
T026,2024-07-26,38.43,66.4,19.64,8805,465.0,50.4,grazing,healthy
T026,2024-07-27,38.48,60.9,30.37,6991,474.8,62.8,standing,healthy
T026,2024-07-28,38.77,69.4,21.74,7110,446.6,59.2,standing,healthy
T026,2024-07-29,38.86,67.1,27.39,10092,482.2,56.4,walking,healthy
T026,2024-07-30,38.64,66.1,39.48,9103,421.6,71.4,standing,healthy
T027,2024-07-01,38.41,60.1,31.59,8166,498.6,68.2,walking,healthy
T027,2024-07-02,38.63,65.9,33.42,8321,479.6,54.5,standing,healthy
T027,2024-07-03,38.28,66.1,36.64,10332,505.7,70.7,lying,healthy
T027,2024-07-04,38.61,70.1,31.16,5998,523.7,78.6,lying,healthy
T027,2024-07-05,38.3,69.7,25.95,7617,467.1,57.0,grazing,healthy
T027,2024-07-06,39.0,70.0,34.47,8740,492.1,72.0,lying,healthy
T027,2024-07-07,38.67,63.8,20.3,7489,484.9,71.0,walking,healthy
T027,2024-07-08,38.78,67.0,34.71,7238,493.8,72.8,grazing,healthy
T027,2024-07-09,38.5,63.0,24.93,6815,466.7,74.7,standing,healthy
T027,2024-07-10,38.45,68.1,25.44,7286,508.9,68.9,grazing,healthy
T027,2024-07-11,38.44,73.3,32.64,7576,577.4,63.9,walking,healthy
T027,2024-07-12,38.51,70.6,24.36,6048,564.6,67.1,lying,healthy
T027,2024-07-13,38.78,76.1,33.8,7145,536.4,64.3,grazing,healthy
T027,2024-07-14,38.7,73.8,28.36,9156,488.6,74.8,lying,healthy
T027,2024-07-15,38.61,63.8,31.57,6973,516.0,70.4,walking,healthy
T027,2024-07-16,38.77,66.2,33.21,7227,493.1,62.9,standing,healthy
T027,2024-07-17,38.6,64.1,22.88,6916,496.7,62.1,walking,healthy
T027,2024-07-18,38.6,71.4,40.85,6693,532.5,67.9,lying,healthy
T027,2024-07-19,38.98,72.7,38.62,7065,481.0,65.7,lying,healthy
T027,2024-07-20,38.7,72.6,33.13,5908,513.9,73.1,lying,healthy
T027,2024-07-21,38.52,69.7,32.68,6132,476.6,75.6,grazing,healthy
T027,2024-07-22,38.61,68.7,29.83,8899,495.2,70.8,grazing,healthy
T027,2024-07-23,38.34,66.0,20.2,7566,478.5,72.5,standing,healthy
T027,2024-07-24,38.56,76.0,29.64,7719,446.1,73.9,walking,healthy
T027,2024-07-25,38.7,64.8,33.34,6822,520.2,71.1,grazing,healthy
T027,2024-07-26,38.67,66.8,25.11,9518,510.3,68.3,grazing,healthy
T027,2024-07-27,38.74,56.7,37.81,8773,428.9,66.5,walking,healthy
T027,2024-07-28,38.99,72.3,36.25,5598,479.6,69.5,grazing,healthy
T027,2024-07-29,38.2,73.5,28.67,7713,457.6,70.2,standing,healthy
T027,2024-07-30,38.23,73.5,29.68,6839,515.3,71.2,lying,healthy
T028,2024-07-01,38.44,68.1,36.56,9566,483.0,70.7,grazing,healthy
T028,2024-07-02,38.73,70.0,36.0,6360,450.2,69.2,lying,healthy
T028,2024-07-03,39.08,66.0,30.04,7599,472.8,63.2,standing,healthy
T028,2024-07-04,39.06,76.0,37.03,7999,451.4,71.4,lying,healthy
T028,2024-07-05,38.74,70.4,35.64,7535,472.4,70.0,lying,healthy
T028,2024-07-06,39.36,65.8,37.43,8925,515.2,72.1,grazing,healthy
T028,2024-07-07,38.79,63.9,39.61,8335,484.2,71.1,grazing,healthy
T028,2024-07-08,38.72,69.5,34.47,8652,448.4,74.1,standing,healthy
T028,2024-07-09,38.66,74.9,32.3,7033,454.7,66.4,lying,healthy
T028,2024-07-10,38.43,63.6,36.21,8251,468.4,71.3,grazing,healthy
T028,2024-07-11,38.63,66.9,38.36,9653,448.4,74.2,standing,healthy
T028,2024-07-12,38.46,70.1,49.65,8182,474.4,73.3,grazing,healthy
T028,2024-07-13,38.67,68.8,35.67,6548,468.8,66.2,lying,healthy
T028,2024-07-14,38.54,69.4,28.3,7151,504.2,69.6,standing,healthy
T028,2024-07-15,38.78,70.1,31.33,5991,474.1,71.7,lying,healthy
T028,2024-07-16,38.38,79.3,33.99,8056,450.3,69.9,grazing,healthy
T028,2024-07-17,38.85,62.8,37.78,7355,471.4,77.8,lying,healthy
T028,2024-07-18,38.98,62.9,38.8,7884,526.3,68.5,lying,healthy
T028,2024-07-19,38.33,68.4,28.44,4559,480.8,74.5,lying,healthy
T028,2024-07-20,38.77,65.6,30.1,8037,483.6,77.8,lying,healthy
T028,2024-07-21,39.06,68.6,25.38,7348,565.0,72.3,standing,healthy
T028,2024-07-22,38.84,70.7,32.24,8155,437.3,75.2,standing,healthy
T028,2024-07-23,38.16,70.7,32.08,8046,426.6,72.1,grazing,healthy
T028,2024-07-24,39.23,70.4,32.83,7454,535.5,68.0,standing,healthy
T028,2024-07-25,38.81,73.4,34.69,7662,431.8,78.6,standing,healthy
T028,2024-07-26,38.94,75.1,28.02,6254,493.6,67.0,grazing,healthy
T028,2024-07-27,38.86,63.2,29.03,5056,495.6,70.4,lying,healthy
T028,2024-07-28,38.3,69.7,31.74,8633,438.6,83.1,lying,healthy
T028,2024-07-29,38.21,65.9,34.4,6997,513.9,81.0,standing,healthy
T028,2024-07-30,38.43,67.3,35.04,8100,444.1,68.1,standing,healthy
T029,2024-07-01,38.39,61.5,34.02,6881,477.6,56.1,standing,healthy
T029,2024-07-02,38.99,71.9,33.55,6135,449.5,69.7,lying,healthy
T029,2024-07-03,38.22,67.1,35.53,6125,413.1,73.3,walking,healthy
T029,2024-07-04,38.89,72.1,29.91,4696,477.3,83.1,standing,healthy
T029,2024-07-05,38.63,67.4,37.08,6782,452.8,69.5,lying,healthy
T029,2024-07-06,37.92,64.9,40.29,8075,482.8,69.8,lying,healthy
T029,2024-07-07,38.66,71.2,23.88,8783,427.9,78.1,standing,healthy
T029,2024-07-08,38.68,68.6,27.53,7793,487.6,76.5,grazing,healthy
T029,2024-07-09,38.24,72.7,34.12,6687,438.5,71.2,walking,healthy
T029,2024-07-10,38.06,64.6,38.26,9708,529.1,83.1,standing,healthy
T029,2024-07-11,38.82,68.0,25.36,8584,495.5,66.9,lying,healthy
T029,2024-07-12,38.93,63.0,30.39,8118,443.7,74.8,grazing,healthy
T029,2024-07-13,38.51,67.5,35.02,7364,538.2,65.7,standing,healthy
T029,2024-07-14,39.17,81.0,36.34,8727,494.2,65.9,grazing,healthy
T029,2024-07-15,38.72,71.9,32.31,8835,391.0,73.2,standing,healthy
T029,2024-07-16,38.48,69.2,26.9,8533,474.5,76.6,lying,healthy
T029,2024-07-17,38.94,76.0,34.08,10011,446.4,65.8,standing,healthy
T029,2024-07-18,38.65,70.0,35.7,9164,423.5,72.4,grazing,healthy
T029,2024-07-19,38.33,72.6,26.83,8552,425.4,63.9,lying,healthy
T029,2024-07-20,38.48,62.3,29.7,5464,447.2,77.1,walking,healthy
T029,2024-07-21,38.59,69.9,28.43,10776,473.1,69.7,grazing,healthy
T029,2024-07-22,38.88,67.7,39.78,5817,500.2,69.9,walking,healthy
T029,2024-07-23,38.57,60.1,29.67,5819,451.5,73.6,lying,healthy
T029,2024-07-24,38.42,65.5,27.7,7015,471.7,74.1,grazing,healthy
T029,2024-07-25,38.82,71.8,37.79,10806,453.9,71.2,grazing,healthy
T029,2024-07-26,38.54,59.0,32.34,9064,419.3,75.0,lying,healthy
T029,2024-07-27,38.74,69.4,39.06,8040,502.2,86.4,grazing,healthy
T029,2024-07-28,38.79,77.3,35.03,6763,465.0,75.1,lying,healthy
T029,2024-07-29,38.85,71.5,30.07,8693,413.5,71.7,lying,healthy
T029,2024-07-30,38.75,63.7,38.17,8904,511.2,67.9,standing,healthy
T030,2024-07-01,38.67,66.7,32.92,5915,507.6,68.0,walking,healthy
T030,2024-07-02,38.79,69.0,37.48,7768,555.9,83.5,standing,healthy
T030,2024-07-03,38.75,65.1,31.67,8227,458.6,70.4,grazing,healthy
T030,2024-07-04,38.6,60.5,29.04,8389,467.9,74.6,walking,healthy
T030,2024-07-05,38.81,64.5,33.39,6587,527.1,63.2,standing,healthy
T030,2024-07-06,38.81,63.1,33.41,6923,531.6,75.9,walking,healthy
T030,2024-07-07,38.49,62.2,35.68,7216,563.7,68.5,standing,healthy
T030,2024-07-08,38.4,63.0,34.45,7956,399.2,75.2,standing,healthy
T030,2024-07-09,38.69,70.7,36.98,7641,500.5,66.0,lying,healthy
T030,2024-07-10,38.6,62.3,40.13,9052,481.2,64.6,standing,healthy
T030,2024-07-11,38.87,69.8,33.61,6734,501.5,58.9,standing,healthy
T030,2024-07-12,38.21,71.6,28.4,5623,485.6,78.5,grazing,healthy
T030,2024-07-13,38.65,69.8,30.34,8100,485.0,60.3,standing,healthy
T030,2024-07-14,39.25,64.2,30.13,9913,505.1,74.6,lying,healthy
T030,2024-07-15,38.67,65.0,36.2,9445,497.5,75.9,standing,healthy
T030,2024-07-16,38.94,70.7,34.14,5468,435.5,58.8,standing,healthy
T030,2024-07-17,38.62,66.6,31.83,6501,578.5,79.5,walking,healthy
T030,2024-07-18,39.08,63.2,44.04,5508,480.7,71.6,lying,healthy
T030,2024-07-19,38.47,61.4,34.38,6372,489.0,76.5,lying,healthy
T030,2024-07-20,38.81,71.2,26.67,7840,505.1,74.1,standing,healthy
T030,2024-07-21,38.9,65.5,35.63,7455,491.9,53.3,grazing,healthy
T030,2024-07-22,38.94,58.5,37.88,6473,560.2,61.9,grazing,healthy
T030,2024-07-23,38.54,70.0,36.74,8762,439.0,74.3,standing,healthy
T030,2024-07-24,38.7,63.8,26.2,9349,420.3,65.9,walking,healthy
T030,2024-07-25,38.44,66.7,40.69,8933,492.8,70.1,grazing,healthy
T030,2024-07-26,38.73,65.4,43.48,8393,488.6,69.9,standing,healthy
T030,2024-07-27,38.6,71.0,33.91,6521,484.2,68.8,standing,healthy
T030,2024-07-28,38.67,66.2,29.64,8475,499.6,73.7,standing,healthy
T030,2024-07-29,38.72,68.7,38.46,9252,477.5,64.6,walking,healthy
T030,2024-07-30,38.61,62.2,37.33,8792,548.4,66.9,grazing,healthy
T031,2024-07-01,38.43,67.1,26.54,8674,502.5,55.6,grazing,healthy
T031,2024-07-02,38.82,71.4,28.16,10123,435.5,71.4,grazing,healthy
T031,2024-07-03,38.31,77.3,30.64,8672,459.3,74.7,grazing,healthy
T031,2024-07-04,38.58,62.3,30.89,8982,450.9,68.1,grazing,healthy
T031,2024-07-05,38.19,73.3,26.91,6851,452.9,66.6,standing,healthy
T031,2024-07-06,38.6,66.4,37.2,6866,526.3,69.1,standing,healthy
T031,2024-07-07,38.44,67.4,32.28,7469,465.6,64.7,lying,healthy
T031,2024-07-08,38.9,67.5,25.89,10145,491.8,67.2,lying,healthy
T031,2024-07-09,38.49,76.6,26.07,4851,410.5,72.7,grazing,healthy
T031,2024-07-10,38.86,70.5,26.61,5077,504.4,55.4,standing,healthy
T031,2024-07-11,38.54,67.0,32.17,8882,507.6,66.3,walking,healthy
T031,2024-07-12,38.85,68.1,34.96,7094,416.2,74.8,grazing,healthy
T031,2024-07-13,38.66,65.9,32.45,7999,507.4,67.2,grazing,healthy
T031,2024-07-14,38.22,68.0,40.08,6166,523.4,73.1,standing,healthy
T031,2024-07-15,38.35,68.5,27.23,8572,412.8,69.3,standing,healthy
T031,2024-07-16,38.38,71.0,29.84,7895,465.9,76.2,standing,healthy
T031,2024-07-17,38.32,69.8,32.58,5083,474.6,69.5,walking,healthy
T031,2024-07-18,38.41,70.0,32.4,7124,482.2,68.7,grazing,healthy
T031,2024-07-19,38.17,65.8,35.31,6369,515.5,75.4,grazing,healthy
T031,2024-07-20,38.46,67.1,28.45,4403,450.4,64.4,walking,healthy
T031,2024-07-21,38.54,62.6,31.75,8084,481.5,55.9,walking,healthy
T031,2024-07-22,38.55,64.1,29.5,6856,442.1,67.5,lying,healthy
T031,2024-07-23,38.76,66.9,37.39,6000,441.3,58.3,walking,healthy
T031,2024-07-24,38.33,70.5,25.45,8282,458.1,76.4,standing,healthy
T031,2024-07-25,38.3,64.6,30.85,8117,439.8,67.5,lying,healthy
T031,2024-07-26,38.5,79.4,34.36,5951,426.8,71.0,standing,healthy
T031,2024-07-27,38.68,70.8,23.9,6276,451.3,71.5,standing,healthy
T031,2024-07-28,39.2,73.6,31.99,6319,469.7,78.2,grazing,healthy
T031,2024-07-29,38.69,63.9,34.74,8724,504.4,66.9,lying,healthy
T031,2024-07-30,38.49,63.6,35.99,8465,469.1,59.7,grazing,healthy
T032,2024-07-01,39.27,71.5,30.47,7598,466.7,66.6,lying,healthy
T032,2024-07-02,38.9,74.8,25.54,6158,493.0,60.4,grazing,healthy
T032,2024-07-03,38.8,67.8,33.99,6952,481.9,73.6,walking,healthy
T032,2024-07-04,38.82,68.3,36.08,8712,492.4,64.8,standing,healthy
T032,2024-07-05,38.75,63.9,35.16,4519,400.4,69.8,standing,healthy
T032,2024-07-06,38.49,74.3,37.23,7468,483.2,73.4,lying,healthy
T032,2024-07-07,38.98,65.0,32.64,6172,457.9,77.5,grazing,healthy
T032,2024-07-08,39.18,69.9,40.28,7556,486.0,70.5,lying,healthy
T032,2024-07-09,39.25,67.2,34.88,9671,457.0,62.9,grazing,healthy
T032,2024-07-10,39.06,70.4,33.74,7331,498.1,73.6,standing,healthy
T032,2024-07-11,38.92,72.6,31.16,6685,470.5,60.1,standing,healthy
T032,2024-07-12,38.97,66.4,32.26,7341,498.3,53.7,grazing,healthy
T032,2024-07-13,39.24,67.0,29.94,8345,454.1,63.8,lying,healthy
T032,2024-07-14,39.01,74.2,28.76,7491,475.7,62.1,lying,healthy
T032,2024-07-15,38.56,68.2,38.01,8544,459.6,60.6,grazing,healthy
T032,2024-07-16,39.12,61.2,34.82,6968,493.8,75.0,grazing,healthy
T032,2024-07-17,38.57,76.8,37.35,7993,499.8,85.0,lying,healthy
T032,2024-07-18,38.9,61.5,29.79,5227,423.5,70.0,standing,healthy
T032,2024-07-19,38.97,73.8,31.24,8568,406.8,73.6,standing,healthy
T032,2024-07-20,38.7,66.6,32.66,7555,438.2,71.7,grazing,healthy
T032,2024-07-21,38.78,67.8,28.95,10331,431.8,66.8,walking,healthy
T032,2024-07-22,38.57,66.7,36.7,10349,484.7,77.4,standing,healthy
T032,2024-07-23,38.74,75.3,28.19,9993,457.8,72.6,grazing,healthy
T032,2024-07-24,38.81,69.9,32.07,5930,396.1,72.0,standing,healthy
T032,2024-07-25,38.7,64.3,28.26,7716,475.2,75.1,standing,healthy
T032,2024-07-26,39.21,73.1,34.55,7885,467.2,72.7,grazing,healthy
T032,2024-07-27,38.89,64.4,30.96,7281,450.6,72.5,lying,healthy
T032,2024-07-28,38.57,68.8,30.62,5686,422.7,65.0,grazing,healthy
T032,2024-07-29,39.0,65.2,32.83,8602,479.9,64.4,grazing,healthy
T032,2024-07-30,38.6,72.6,33.54,9035,455.9,78.0,lying,healthy
T033,2024-07-01,38.61,72.3,36.69,9498,490.5,59.1,standing,healthy
T033,2024-07-02,38.8,67.7,34.76,7924,514.9,77.1,walking,healthy
T033,2024-07-03,38.83,69.3,19.04,6985,522.4,66.1,grazing,healthy
T033,2024-07-04,38.62,69.0,27.1,5401,425.2,68.1,walking,healthy
T033,2024-07-05,38.73,70.5,32.55,8689,492.1,88.5,grazing,healthy
T033,2024-07-06,38.42,67.5,34.4,6706,427.8,61.9,standing,healthy
T033,2024-07-07,38.48,64.2,32.59,6975,474.2,76.3,grazing,healthy
T033,2024-07-08,38.49,67.2,23.48,9025,477.5,71.4,walking,healthy
T033,2024-07-09,39.08,71.3,29.38,8020,538.8,58.2,lying,healthy
T033,2024-07-10,38.78,64.2,38.41,8568,495.4,69.9,lying,healthy
T033,2024-07-11,38.38,63.6,33.96,8767,491.8,75.9,grazing,healthy
T033,2024-07-12,38.64,67.0,28.6,7647,433.7,61.8,grazing,healthy
T033,2024-07-13,38.86,71.9,25.17,6205,504.5,70.4,standing,healthy
T033,2024-07-14,38.57,70.2,32.75,10558,448.7,77.9,lying,healthy
T033,2024-07-15,38.77,64.2,26.18,4578,539.0,65.7,grazing,healthy
T033,2024-07-16,38.65,65.5,27.62,5782,464.5,60.0,lying,healthy
T033,2024-07-17,38.98,62.3,31.06,5080,428.6,70.9,walking,healthy
T033,2024-07-18,38.54,75.1,32.52,6914,455.3,70.9,standing,healthy
T033,2024-07-19,38.4,67.3,28.3,8209,454.2,64.0,standing,healthy
T033,2024-07-20,38.71,66.1,32.34,5517,517.6,60.6,standing,healthy
T033,2024-07-21,38.88,65.5,27.72,10066,450.7,85.6,grazing,healthy
T033,2024-07-22,38.79,64.8,41.33,8596,484.9,67.8,standing,healthy
T033,2024-07-23,38.92,68.1,22.49,7663,539.8,71.8,grazing,healthy
T033,2024-07-24,38.61,71.9,24.64,8867,474.2,71.5,walking,healthy
T033,2024-07-25,38.98,68.0,34.9,9057,452.3,67.8,grazing,healthy
T033,2024-07-26,38.35,65.3,37.26,6849,438.7,65.9,grazing,healthy
T033,2024-07-27,38.54,66.8,22.94,7877,478.9,66.6,standing,healthy
T033,2024-07-28,38.63,74.8,37.21,5553,413.7,71.1,lying,healthy
T033,2024-07-29,38.51,63.0,32.28,6714,461.6,66.6,standing,healthy
T033,2024-07-30,38.4,66.4,30.23,7992,552.0,74.4,standing,healthy
T034,2024-07-01,38.23,73.4,27.16,9168,504.5,58.5,walking,healthy
T034,2024-07-02,38.64,55.0,28.41,7955,492.1,68.0,standing,healthy
T034,2024-07-03,38.87,65.1,21.1,5937,467.8,59.4,standing,healthy
T034,2024-07-04,39.16,67.4,29.64,5451,457.1,73.1,grazing,healthy
T034,2024-07-05,38.65,62.8,28.32,8910,512.6,72.0,walking,healthy
T034,2024-07-06,39.01,60.5,27.38,7341,502.5,58.2,lying,healthy
T034,2024-07-07,38.39,65.3,25.76,5375,470.4,77.1,grazing,healthy
T034,2024-07-08,38.76,65.6,33.72,7856,470.5,62.7,grazing,healthy
T034,2024-07-09,38.88,66.6,31.13,8354,446.9,65.8,grazing,healthy
T034,2024-07-10,38.64,67.9,29.41,10197,456.9,63.9,standing,healthy
T034,2024-07-11,39.24,72.7,36.32,7687,478.3,72.2,standing,healthy
T034,2024-07-12,38.58,74.8,38.98,8764,490.0,64.8,standing,healthy
T034,2024-07-13,38.69,65.3,24.61,6934,418.0,78.8,standing,healthy
T034,2024-07-14,39.01,65.7,35.26,8876,429.6,73.0,standing,healthy
T034,2024-07-15,38.95,65.9,30.23,8174,494.6,55.5,standing,healthy
T034,2024-07-16,38.72,70.1,30.49,7756,487.9,74.7,walking,healthy
T034,2024-07-17,39.1,73.8,31.56,7697,497.7,70.6,grazing,healthy
T034,2024-07-18,39.32,57.1,29.29,9284,501.4,81.6,standing,healthy
T034,2024-07-19,39.04,69.6,31.65,6190,426.6,68.2,standing,healthy
T034,2024-07-20,38.75,69.0,27.5,6996,503.7,75.8,walking,healthy
T034,2024-07-21,38.37,64.3,19.96,6638,493.9,63.7,grazing,healthy
T034,2024-07-22,38.35,70.2,21.66,8656,506.2,58.0,grazing,healthy
T034,2024-07-23,39.02,69.3,30.89,5412,457.6,66.1,walking,healthy
T034,2024-07-24,39.01,74.9,32.44,9747,412.7,70.2,standing,healthy
T034,2024-07-25,39.16,59.7,35.68,6438,419.1,73.3,grazing,healthy
T034,2024-07-26,39.08,73.6,29.08,7692,434.4,75.1,grazing,healthy
T034,2024-07-27,38.85,73.0,26.74,6808,456.3,53.6,standing,healthy
T034,2024-07-28,38.44,68.2,38.21,7915,537.0,60.3,lying,healthy
T034,2024-07-29,38.93,61.1,42.45,7573,436.4,57.8,standing,healthy
T034,2024-07-30,38.45,71.5,30.05,9069,473.2,54.6,lying,healthy
T035,2024-07-01,38.49,75.0,30.61,7232,489.8,67.5,grazing,healthy
T035,2024-07-02,38.39,66.8,24.81,8215,452.3,73.6,lying,healthy
T035,2024-07-03,38.62,68.8,38.14,8228,459.3,73.7,grazing,healthy
T035,2024-07-04,38.62,65.1,29.13,8859,484.2,70.7,lying,healthy
T035,2024-07-05,37.98,68.1,24.69,8727,482.4,73.7,lying,healthy
T035,2024-07-06,37.94,71.3,35.41,9348,498.4,66.5,lying,healthy
T035,2024-07-07,38.32,72.7,28.76,7214,451.7,71.8,standing,healthy
T035,2024-07-08,38.59,63.2,41.2,8296,438.4,70.9,grazing,healthy
T035,2024-07-09,39.07,66.1,31.14,8106,486.9,78.4,lying,healthy
T035,2024-07-10,38.69,65.2,34.12,7338,450.2,66.7,grazing,healthy
T035,2024-07-11,38.76,68.2,35.34,5640,540.0,68.4,walking,healthy
T035,2024-07-12,38.09,76.4,30.33,8020,496.0,69.6,walking,healthy
T035,2024-07-13,38.72,68.6,32.54,9382,436.2,59.7,grazing,healthy
T035,2024-07-14,38.64,75.9,35.14,8047,395.0,61.9,standing,healthy
T035,2024-07-15,39.03,68.1,34.79,7556,520.2,63.4,lying,healthy
T035,2024-07-16,38.17,76.1,41.52,6867,465.5,62.4,standing,healthy
T035,2024-07-17,38.6,68.6,35.23,6974,524.8,71.6,grazing,healthy
T035,2024-07-18,38.78,69.6,31.73,8738,475.9,66.9,standing,healthy
T035,2024-07-19,38.41,70.8,30.25,7215,443.3,74.3,walking,healthy
T035,2024-07-20,38.44,68.0,31.91,7109,458.0,77.3,grazing,healthy
T035,2024-07-21,38.86,70.9,40.44,8216,488.5,66.6,grazing,healthy
T035,2024-07-22,39.21,68.0,28.59,9650,488.6,75.1,grazing,healthy
T035,2024-07-23,38.64,67.4,29.3,9461,468.5,71.2,lying,healthy
T035,2024-07-24,38.39,69.9,30.99,8115,490.5,68.6,grazing,healthy
T035,2024-07-25,38.82,63.8,31.95,8217,492.7,65.5,standing,healthy
T035,2024-07-26,38.94,68.0,27.99,6911,509.5,76.7,grazing,healthy
T035,2024-07-27,38.87,71.4,32.18,4484,443.3,66.4,standing,healthy
T035,2024-07-28,38.36,62.7,35.42,9662,439.7,63.2,standing,healthy
T035,2024-07-29,38.41,66.2,33.78,8918,359.2,76.3,grazing,healthy
T035,2024-07-30,38.96,67.8,31.83,7382,450.0,64.1,lying,healthy
T036,2024-07-01,38.68,60.8,33.18,8262,450.1,72.0,grazing,healthy
T036,2024-07-02,38.77,73.9,28.68,9995,468.4,61.3,lying,healthy
T036,2024-07-03,39.18,73.6,31.41,8806,464.8,60.1,grazing,healthy
T036,2024-07-04,39.01,68.1,28.46,7633,440.0,73.6,lying,healthy
T036,2024-07-05,38.38,62.8,26.27,10260,434.0,71.2,grazing,healthy
T036,2024-07-06,38.95,62.9,26.38,9299,475.5,75.9,lying,healthy
T036,2024-07-07,38.4,70.6,35.09,7693,502.4,75.1,lying,healthy
T036,2024-07-08,38.39,74.0,32.85,6824,535.4,67.8,lying,healthy
T036,2024-07-09,38.71,70.4,32.9,8931,498.7,72.9,standing,healthy
T036,2024-07-10,38.8,66.6,32.71,9008,473.5,69.3,walking,healthy
T036,2024-07-11,38.91,68.3,24.44,7966,467.6,59.5,lying,healthy
T036,2024-07-12,38.73,70.4,36.65,8945,494.6,64.1,lying,healthy
T036,2024-07-13,38.5,70.8,21.88,9948,502.9,71.1,grazing,healthy
T036,2024-07-14,38.52,61.2,33.17,8505,439.1,79.1,standing,healthy
T036,2024-07-15,38.59,67.0,28.39,8401,426.4,76.7,walking,healthy
T036,2024-07-16,38.37,65.9,23.91,7773,416.9,71.5,lying,healthy
T036,2024-07-17,38.71,64.3,28.29,8797,439.0,70.1,walking,healthy
T036,2024-07-18,38.64,61.1,33.95,8458,543.4,78.3,lying,healthy
T036,2024-07-19,38.78,66.1,35.89,8084,450.0,73.3,grazing,healthy
T036,2024-07-20,38.33,63.8,35.03,7185,437.3,73.7,standing,healthy
T036,2024-07-21,38.44,62.6,27.59,8373,424.7,63.6,lying,healthy
T036,2024-07-22,38.34,69.4,31.85,8032,442.0,62.1,grazing,healthy
T036,2024-07-23,38.28,73.1,29.89,10664,387.5,71.7,lying,healthy
T036,2024-07-24,38.77,69.4,28.7,9224,495.0,61.4,grazing,healthy
T036,2024-07-25,38.65,71.2,29.13,7408,445.0,70.5,lying,healthy
T036,2024-07-26,38.71,63.7,28.42,4234,485.6,70.0,standing,healthy
T036,2024-07-27,39.02,68.5,33.71,8544,442.7,57.0,standing,healthy
T036,2024-07-28,38.21,71.2,31.04,6829,438.0,70.9,walking,healthy
T036,2024-07-29,38.3,69.9,38.34,8093,382.8,74.5,lying,healthy
T036,2024-07-30,38.74,68.6,27.87,8701,500.3,69.9,standing,healthy
T037,2024-07-01,38.95,68.4,29.41,6517,411.6,67.9,lying,healthy
T037,2024-07-02,38.27,67.9,29.06,9012,495.3,82.1,walking,healthy
T037,2024-07-03,38.81,69.4,40.02,5221,408.9,75.7,lying,healthy
T037,2024-07-04,38.87,66.6,36.76,7022,430.9,78.0,grazing,healthy
T037,2024-07-05,38.57,69.4,23.65,6739,406.4,77.6,lying,healthy
T037,2024-07-06,38.65,69.5,28.74,5268,426.6,70.3,lying,healthy
T037,2024-07-07,38.21,65.8,24.96,8750,472.6,70.4,standing,healthy
T037,2024-07-08,39.14,71.6,36.15,7687,441.1,73.1,grazing,healthy
T037,2024-07-09,39.0,64.6,34.13,6222,445.7,79.2,lying,healthy
T037,2024-07-10,38.63,71.8,23.77,5794,436.5,66.7,walking,healthy
T037,2024-07-11,38.88,64.4,28.52,6716,447.5,71.9,lying,healthy
T037,2024-07-12,37.88,66.7,27.09,8631,472.7,85.2,standing,healthy
T037,2024-07-13,39.01,64.8,29.12,6160,423.6,86.9,grazing,healthy
T037,2024-07-14,39.01,70.1,26.24,7525,494.7,65.4,standing,healthy
T037,2024-07-15,38.58,72.3,27.55,8459,473.9,81.6,lying,healthy
T037,2024-07-16,38.7,66.7,26.34,7989,453.0,70.6,lying,healthy
T037,2024-07-17,38.61,66.2,31.42,8433,429.9,59.3,standing,healthy
T037,2024-07-18,39.31,64.5,24.59,4536,407.9,69.1,walking,healthy
T037,2024-07-19,39.09,71.0,27.61,8988,454.2,66.5,grazing,healthy
T037,2024-07-20,38.97,65.7,36.42,4538,425.4,62.5,grazing,healthy
T037,2024-07-21,38.86,64.6,28.05,6926,323.2,66.3,standing,healthy
T037,2024-07-22,38.58,71.8,34.81,9542,438.2,66.7,grazing,healthy
T037,2024-07-23,38.9,66.0,33.83,6900,442.4,73.0,lying,healthy
T037,2024-07-24,38.65,70.8,35.03,9295,480.8,63.7,walking,healthy
T037,2024-07-25,39.02,65.4,35.87,6214,438.8,80.0,standing,healthy
T037,2024-07-26,38.79,64.4,27.74,8184,453.9,74.0,grazing,healthy
T037,2024-07-27,38.49,65.1,36.69,6815,406.0,69.5,lying,healthy
T037,2024-07-28,39.16,61.8,37.35,9253,419.0,70.9,grazing,healthy
T037,2024-07-29,38.98,66.4,31.4,7358,390.7,86.8,grazing,healthy
T037,2024-07-30,38.93,63.8,39.49,6754,439.4,74.4,grazing,healthy
T038,2024-07-01,39.09,65.1,33.33,8519,446.9,82.5,lying,healthy
T038,2024-07-02,39.22,62.4,36.72,9830,479.3,60.1,grazing,healthy
T038,2024-07-03,39.54,61.1,36.21,9872,511.5,67.4,standing,healthy
T038,2024-07-04,39.1,64.4,34.63,8741,458.0,70.7,lying,healthy
T038,2024-07-05,38.79,72.1,33.58,11744,487.1,69.0,standing,healthy
T038,2024-07-06,39.16,68.9,29.38,8308,413.5,72.8,standing,healthy
T038,2024-07-07,38.91,72.8,27.06,7940,485.4,57.6,standing,healthy
T038,2024-07-08,39.0,62.7,39.48,7286,406.7,77.6,walking,healthy
T038,2024-07-09,39.03,67.3,33.79,7838,484.4,69.5,standing,healthy
T038,2024-07-10,39.15,64.1,37.48,9566,490.6,65.4,walking,healthy
T038,2024-07-11,38.88,67.1,33.95,6861,473.5,73.1,grazing,healthy
T038,2024-07-12,38.64,76.8,25.53,7706,490.1,74.6,walking,healthy
T038,2024-07-13,38.67,68.3,30.16,7931,550.4,66.8,grazing,healthy
T038,2024-07-14,38.57,71.9,29.44,6818,483.4,58.1,lying,healthy
T038,2024-07-15,39.4,68.6,26.72,7520,464.3,62.5,grazing,healthy
T038,2024-07-16,39.08,72.7,35.24,6477,459.2,84.9,lying,healthy
T038,2024-07-17,39.6,66.6,30.42,8781,460.0,71.0,standing,healthy
T038,2024-07-18,38.87,65.2,32.8,6585,430.8,76.4,walking,healthy
T038,2024-07-19,39.04,66.9,33.84,9733,438.5,62.6,standing,healthy
T038,2024-07-20,38.84,73.3,31.6,5743,473.7,69.6,grazing,healthy
T038,2024-07-21,38.55,66.1,26.39,6893,493.9,61.6,lying,healthy
T038,2024-07-22,39.2,70.8,35.1,8745,491.0,69.6,lying,healthy
T038,2024-07-23,38.81,68.0,31.85,7761,456.2,71.4,grazing,healthy
T038,2024-07-24,38.97,71.1,34.44,9321,506.9,66.8,standing,healthy
T038,2024-07-25,38.66,68.6,34.5,6426,501.6,76.7,standing,healthy
T038,2024-07-26,39.12,67.6,36.2,5111,385.8,61.6,grazing,healthy
T038,2024-07-27,38.4,69.2,26.59,8934,494.7,63.0,walking,healthy
T038,2024-07-28,38.9,74.6,35.38,9856,450.2,64.7,lying,healthy
T038,2024-07-29,39.23,76.4,32.9,11162,483.5,66.4,grazing,healthy
T038,2024-07-30,39.26,66.1,29.89,7449,466.3,62.3,grazing,healthy
T039,2024-07-01,38.53,68.3,35.14,7153,515.0,67.2,lying,healthy
T039,2024-07-02,38.23,65.9,30.4,7250,489.1,61.9,grazing,healthy
T039,2024-07-03,38.72,69.3,36.31,10009,488.8,76.5,grazing,healthy
T039,2024-07-04,38.89,70.4,27.77,7712,488.0,71.9,walking,healthy
T039,2024-07-05,39.14,67.9,31.43,8213,514.7,74.4,grazing,healthy
T039,2024-07-06,38.8,72.6,33.98,9596,481.0,61.9,standing,healthy
T039,2024-07-07,38.42,66.5,39.75,7485,463.8,79.4,lying,healthy
T039,2024-07-08,38.9,71.0,32.81,8152,454.4,66.5,lying,healthy
T039,2024-07-09,38.12,63.4,33.97,6325,492.6,64.2,walking,healthy
T039,2024-07-10,39.04,71.7,38.92,5398,468.1,75.6,lying,healthy
T039,2024-07-11,38.33,67.2,32.88,6563,522.8,72.4,standing,healthy
T039,2024-07-12,38.86,68.5,26.59,7747,458.3,61.2,standing,healthy
T039,2024-07-13,38.54,65.8,35.8,8540,479.6,67.8,grazing,healthy
T039,2024-07-14,38.41,70.2,39.43,9003,422.5,68.3,grazing,healthy
T039,2024-07-15,38.51,68.1,32.07,9669,513.3,63.0,lying,healthy
T039,2024-07-16,38.46,71.4,31.88,10284,485.3,75.3,lying,healthy
T039,2024-07-17,38.77,65.9,37.2,6541,497.9,54.8,standing,healthy
T039,2024-07-18,38.59,70.6,33.04,8478,483.6,73.2,standing,healthy
T039,2024-07-19,38.66,72.6,38.93,9004,495.5,52.3,lying,healthy
T039,2024-07-20,38.49,59.3,29.6,8902,487.9,80.6,grazing,healthy
T039,2024-07-21,38.57,64.2,25.01,6154,445.3,61.4,walking,healthy
T039,2024-07-22,38.62,68.3,28.49,8200,560.5,64.1,grazing,healthy
T039,2024-07-23,38.63,71.5,29.44,8201,499.5,65.1,grazing,healthy
T039,2024-07-24,38.81,68.4,32.74,6081,581.7,71.1,standing,healthy
T039,2024-07-25,38.42,61.5,35.26,7618,464.0,58.0,lying,healthy
T039,2024-07-26,38.54,69.6,36.77,7362,495.3,61.4,grazing,healthy
T039,2024-07-27,38.79,66.0,26.86,9642,476.2,67.8,standing,healthy
T039,2024-07-28,38.4,70.2,34.96,7776,391.8,66.9,lying,healthy
T039,2024-07-29,38.86,75.0,36.95,7458,485.7,63.4,standing,healthy
T039,2024-07-30,38.98,71.5,35.09,9947,474.4,74.3,walking,healthy
T040,2024-07-01,38.53,68.6,33.38,5973,450.9,72.4,grazing,healthy
T040,2024-07-02,38.28,71.4,31.73,7360,504.8,72.2,lying,healthy
T040,2024-07-03,39.08,68.3,15.88,9305,412.5,63.8,standing,healthy
T040,2024-07-04,38.41,65.2,40.93,9547,445.5,65.7,grazing,healthy
T040,2024-07-05,38.33,64.1,30.86,8009,483.4,56.3,standing,healthy
T040,2024-07-06,39.07,63.6,38.09,6819,414.8,74.1,grazing,healthy
T040,2024-07-07,38.42,76.7,32.03,8653,431.6,57.5,lying,healthy
T040,2024-07-08,38.86,63.8,35.77,8257,405.1,77.8,walking,healthy
T040,2024-07-09,38.58,68.0,32.36,9438,406.7,60.5,standing,healthy
T040,2024-07-10,38.71,81.6,35.19,7729,393.0,57.3,lying,healthy
T040,2024-07-11,38.56,73.7,38.19,7995,420.1,70.2,grazing,healthy
T040,2024-07-12,38.09,65.8,33.06,6855,386.4,64.1,walking,healthy
T040,2024-07-13,38.34,71.2,26.5,9073,412.7,66.3,walking,healthy
T040,2024-07-14,38.56,63.0,25.72,8654,467.3,64.8,lying,healthy
T040,2024-07-15,38.73,56.2,28.62,8925,436.7,62.5,lying,healthy
T040,2024-07-16,39.03,64.9,43.87,7546,489.7,70.4,grazing,healthy
T040,2024-07-17,39.02,69.5,32.3,9040,482.3,65.7,walking,healthy
T040,2024-07-18,38.56,65.6,24.86,6679,436.0,63.5,lying,healthy
T040,2024-07-19,38.59,64.6,37.03,8697,424.8,73.6,grazing,healthy
T040,2024-07-20,38.43,71.0,32.13,6152,481.9,57.4,walking,healthy
T040,2024-07-21,38.55,74.6,32.42,7381,433.4,67.8,grazing,healthy
T040,2024-07-22,38.72,67.5,41.07,9288,414.7,73.5,lying,healthy
T040,2024-07-23,38.57,67.3,33.53,7677,521.8,60.6,lying,healthy
T040,2024-07-24,38.4,67.1,33.47,7823,444.5,65.7,walking,healthy
T040,2024-07-25,38.15,65.8,35.07,8699,508.1,74.3,standing,healthy
T040,2024-07-26,38.18,67.5,35.91,6248,424.8,73.4,standing,healthy
T040,2024-07-27,38.75,69.4,35.7,8195,488.3,70.0,standing,healthy
T040,2024-07-28,38.24,61.6,36.65,7724,415.2,62.2,standing,healthy
T040,2024-07-29,38.73,68.9,33.6,8096,434.6,76.1,standing,healthy
T040,2024-07-30,39.19,72.8,29.41,8629,381.8,60.4,grazing,healthy
T041,2024-07-01,38.9,70.7,31.31,7769,534.2,73.6,lying,healthy
T041,2024-07-02,38.82,58.8,38.95,5961,582.4,82.6,standing,healthy
T041,2024-07-03,38.53,65.7,32.81,7380,496.7,66.6,standing,healthy
T041,2024-07-04,38.73,69.8,32.94,5902,508.8,68.6,grazing,healthy
T041,2024-07-05,38.4,71.3,27.4,5151,474.8,65.3,grazing,healthy
T041,2024-07-06,38.84,71.3,27.31,7743,487.4,80.4,lying,healthy
T041,2024-07-07,38.82,67.0,25.58,7709,463.6,73.8,walking,healthy
T041,2024-07-08,39.41,68.6,26.99,7815,488.9,74.5,standing,healthy
T041,2024-07-09,38.58,72.0,31.59,6341,549.1,65.4,standing,healthy
T041,2024-07-10,38.32,62.4,37.68,8031,514.4,60.3,standing,healthy
T041,2024-07-11,39.18,67.7,38.4,6609,472.6,72.7,standing,healthy
T041,2024-07-12,38.72,57.6,37.91,8762,500.8,69.0,standing,healthy
T041,2024-07-13,39.13,75.6,25.52,10043,519.9,72.4,standing,healthy
T041,2024-07-14,38.61,64.9,36.93,7334,495.1,79.6,standing,healthy
T041,2024-07-15,38.68,70.1,36.92,5151,530.7,84.9,lying,healthy
T041,2024-07-16,38.75,65.6,39.45,6676,471.4,74.5,standing,healthy
T041,2024-07-17,39.02,68.0,34.11,7774,510.2,67.3,standing,healthy
T041,2024-07-18,38.92,72.6,28.67,8808,475.2,68.9,lying,healthy
T041,2024-07-19,38.82,61.0,26.73,7043,500.9,75.9,standing,healthy
T041,2024-07-20,38.75,67.0,29.2,9127,472.8,80.1,grazing,healthy
T041,2024-07-21,39.14,70.6,39.12,7896,516.0,67.9,lying,healthy
T041,2024-07-22,38.52,69.6,28.18,6869,493.6,60.5,standing,healthy
T041,2024-07-23,38.89,62.7,28.14,8150,493.7,75.5,walking,healthy
T041,2024-07-24,38.91,72.7,31.11,8889,490.5,65.7,grazing,healthy
T041,2024-07-25,38.76,71.7,32.42,4404,494.1,77.2,standing,healthy
T041,2024-07-26,38.99,75.1,33.64,7789,483.3,73.1,lying,healthy
T041,2024-07-27,38.89,68.1,27.04,4532,508.5,70.9,walking,healthy
T041,2024-07-28,38.71,69.9,30.34,6850,428.9,64.3,grazing,healthy
T041,2024-07-29,38.89,65.2,30.54,9356,436.2,81.5,standing,healthy
T041,2024-07-30,38.89,71.4,28.91,9119,438.2,67.4,lying,healthy
T042,2024-07-01,38.31,75.0,24.59,6967,473.1,73.8,standing,healthy
T042,2024-07-02,38.39,70.3,46.97,7825,522.5,64.3,walking,healthy
T042,2024-07-03,38.47,70.8,34.6,9514,525.0,71.5,grazing,healthy
T042,2024-07-04,38.36,65.8,34.28,9871,490.9,69.1,walking,healthy
T042,2024-07-05,38.39,63.3,41.62,6490,507.0,66.6,standing,healthy
T042,2024-07-06,38.6,72.2,38.15,10295,473.7,75.3,lying,healthy
T042,2024-07-07,38.12,67.1,36.99,6504,451.1,73.6,lying,healthy
T042,2024-07-08,38.97,71.4,39.06,7858,478.7,80.4,walking,healthy
T042,2024-07-09,38.87,74.7,34.42,9084,454.8,66.2,standing,healthy
T042,2024-07-10,38.96,73.1,40.62,8416,527.4,69.9,lying,healthy
T042,2024-07-11,38.72,69.8,37.79,5880,449.9,70.9,walking,healthy
T042,2024-07-12,38.59,67.5,36.55,8579,501.9,74.9,lying,healthy
T042,2024-07-13,39.18,68.6,38.18,8229,507.8,69.6,grazing,healthy
T042,2024-07-14,37.94,63.4,30.74,8248,533.7,69.6,standing,healthy
T042,2024-07-15,39.07,65.6,29.39,8796,550.2,74.3,grazing,healthy
T042,2024-07-16,38.45,73.7,29.55,5749,502.2,65.0,grazing,healthy
T042,2024-07-17,38.83,68.6,38.23,6926,478.4,71.4,grazing,healthy
T042,2024-07-18,38.7,59.6,28.13,8278,481.0,74.6,standing,healthy
T042,2024-07-19,38.74,60.5,28.82,7139,496.4,68.8,grazing,healthy
T042,2024-07-20,38.4,61.8,42.5,9001,517.6,69.0,walking,healthy
T042,2024-07-21,39.18,65.2,35.43,7612,420.8,68.4,grazing,healthy
T042,2024-07-22,38.81,71.1,37.38,8577,536.3,65.5,standing,healthy
T042,2024-07-23,38.71,73.8,40.25,6283,447.6,73.7,standing,healthy
T042,2024-07-24,39.13,60.9,43.21,8207,545.2,67.9,standing,healthy
T042,2024-07-25,39.03,62.5,34.33,9451,529.7,69.2,grazing,healthy
T042,2024-07-26,38.42,63.2,38.83,10380,471.9,65.0,grazing,healthy
T042,2024-07-27,38.84,65.2,26.36,7415,491.4,68.6,lying,healthy
T042,2024-07-28,38.97,66.8,37.46,7771,507.4,64.1,walking,healthy
T042,2024-07-29,38.47,63.4,38.11,8792,503.2,58.2,standing,healthy
T042,2024-07-30,38.65,62.1,36.74,8089,501.8,71.2,walking,healthy
T043,2024-07-01,38.8,69.5,38.14,8036,458.5,74.3,walking,healthy
T043,2024-07-02,38.39,66.4,29.96,6467,492.0,73.4,lying,healthy
T043,2024-07-03,38.6,70.8,32.01,6982,434.0,77.5,grazing,healthy
T043,2024-07-04,38.88,68.2,32.41,6376,469.7,74.8,standing,healthy
T043,2024-07-05,39.05,66.0,35.11,10121,454.8,59.0,standing,healthy
T043,2024-07-06,38.23,73.7,29.73,7476,509.0,79.2,grazing,healthy
T043,2024-07-07,38.57,66.3,24.64,8304,525.7,70.6,standing,healthy
T043,2024-07-08,38.52,80.6,37.08,7555,518.0,63.4,grazing,healthy
T043,2024-07-09,38.54,66.9,26.59,8428,458.5,56.0,lying,healthy
T043,2024-07-10,38.64,68.7,37.28,8409,491.8,67.2,grazing,healthy
T043,2024-07-11,38.9,67.7,30.91,7299,499.8,63.4,walking,healthy
T043,2024-07-12,38.46,74.7,30.05,8094,505.8,64.9,standing,healthy
T043,2024-07-13,38.62,64.1,32.82,7141,454.4,73.4,grazing,healthy
T043,2024-07-14,38.35,64.8,36.03,6732,413.0,73.1,lying,healthy
T043,2024-07-15,39.14,74.7,33.87,6277,476.9,62.3,lying,healthy
T043,2024-07-16,38.89,68.9,25.88,8260,454.9,50.1,grazing,healthy
T043,2024-07-17,38.93,64.0,42.18,8311,475.9,77.5,standing,healthy
T043,2024-07-18,39.19,65.7,23.75,6716,499.2,58.1,standing,healthy
T043,2024-07-19,38.89,66.9,36.83,6180,468.7,74.7,lying,healthy
T043,2024-07-20,38.66,66.9,30.75,7302,516.7,76.7,standing,healthy
T043,2024-07-21,38.84,70.1,38.82,7183,533.0,65.0,standing,healthy
T043,2024-07-22,39.06,65.8,39.32,8649,458.9,73.8,lying,healthy
T043,2024-07-23,38.7,67.1,39.6,6810,459.7,78.1,walking,healthy
T043,2024-07-24,38.62,63.5,36.48,6903,480.3,68.2,standing,healthy
T043,2024-07-25,38.72,72.7,39.25,6801,509.3,73.6,lying,healthy
T043,2024-07-26,39.0,63.4,32.77,9016,476.8,76.0,walking,healthy
T043,2024-07-27,38.66,69.4,26.26,4414,486.4,67.7,standing,healthy
T043,2024-07-28,38.49,67.3,28.17,8300,473.7,77.0,lying,healthy
T043,2024-07-29,38.57,63.9,36.06,7753,505.5,66.3,standing,healthy
T043,2024-07-30,39.0,62.4,31.6,7915,482.8,76.9,lying,healthy
T044,2024-07-01,38.79,60.7,31.8,5867,528.0,68.2,grazing,healthy
T044,2024-07-02,38.62,67.8,32.18,8113,473.8,69.0,lying,healthy
T044,2024-07-03,38.25,65.2,32.33,7647,431.4,75.5,walking,healthy
T044,2024-07-04,38.43,70.7,41.04,7046,497.7,61.4,grazing,healthy
T044,2024-07-05,38.92,65.9,25.97,9734,555.2,77.9,standing,healthy
T044,2024-07-06,38.27,63.8,39.58,7092,508.1,68.4,standing,healthy
T044,2024-07-07,39.03,66.4,42.32,10386,478.7,65.1,standing,healthy
T044,2024-07-08,38.78,71.0,35.66,5155,467.3,62.8,lying,healthy
T044,2024-07-09,38.72,66.0,31.63,9125,508.9,76.9,lying,healthy
T044,2024-07-10,38.8,65.0,35.13,8882,487.4,64.2,grazing,healthy
T044,2024-07-11,39.15,70.2,37.94,7376,483.8,74.1,walking,healthy
T044,2024-07-12,38.9,70.1,34.0,7500,385.1,62.2,lying,healthy
T044,2024-07-13,38.86,68.1,35.88,7880,503.2,63.7,grazing,healthy
T044,2024-07-14,38.93,74.4,38.09,8052,478.5,69.3,grazing,healthy
T044,2024-07-15,38.31,65.9,32.29,9162,461.9,73.4,standing,healthy
T044,2024-07-16,38.45,68.0,29.45,9014,453.7,67.9,standing,healthy
T044,2024-07-17,38.56,69.7,36.12,8098,518.1,72.0,standing,healthy
T044,2024-07-18,38.8,66.9,37.16,9579,450.9,79.2,standing,healthy
T044,2024-07-19,38.86,72.3,37.39,7713,439.4,62.6,grazing,healthy
T044,2024-07-20,38.71,73.8,31.71,7254,442.9,78.0,grazing,healthy
T044,2024-07-21,39.0,65.9,28.54,7201,479.9,66.3,grazing,healthy
T044,2024-07-22,38.51,65.4,30.16,9181,488.9,61.9,standing,healthy
T044,2024-07-23,38.67,74.4,28.93,5446,504.9,70.7,lying,healthy
T044,2024-07-24,39.05,61.9,31.61,10825,489.2,68.4,grazing,healthy
T044,2024-07-25,39.11,66.1,30.95,7429,444.0,58.4,standing,healthy
T044,2024-07-26,38.57,72.4,29.82,7979,502.1,69.4,grazing,healthy
T044,2024-07-27,38.33,64.3,38.62,8489,461.7,75.8,walking,healthy
T044,2024-07-28,38.82,71.6,31.31,7084,458.7,62.4,walking,healthy
T044,2024-07-29,38.32,68.7,30.95,6981,421.4,68.7,grazing,healthy
T044,2024-07-30,38.52,67.8,29.14,9353,438.0,74.0,walking,healthy
T045,2024-07-01,38.34,66.8,26.74,8610,444.3,76.0,grazing,healthy
T045,2024-07-02,38.2,69.4,26.97,6381,464.6,63.6,walking,healthy
T045,2024-07-03,38.58,64.7,25.25,11710,470.2,56.4,standing,healthy
T045,2024-07-04,38.99,65.8,31.85,8514,458.6,64.0,lying,healthy
T045,2024-07-05,38.37,75.2,28.23,10056,523.8,62.0,lying,healthy
T045,2024-07-06,38.88,60.8,27.56,8225,443.7,70.6,standing,healthy
T045,2024-07-07,38.78,68.8,18.83,8668,492.7,68.1,walking,healthy
T045,2024-07-08,38.84,68.6,25.84,7561,424.5,59.9,standing,healthy
T045,2024-07-09,38.81,65.0,26.98,8280,441.8,70.5,standing,healthy
T045,2024-07-10,38.83,74.9,32.41,9270,521.7,58.0,walking,healthy
T045,2024-07-11,39.09,72.3,29.79,7943,425.2,66.3,standing,healthy
T045,2024-07-12,38.37,62.6,23.62,8554,458.7,65.1,lying,healthy
T045,2024-07-13,38.46,62.2,31.81,7075,516.6,69.3,lying,healthy
T045,2024-07-14,38.77,70.3,32.53,6848,434.6,67.6,grazing,healthy
T045,2024-07-15,38.48,68.1,30.28,6897,481.7,76.4,standing,healthy
T045,2024-07-16,38.73,71.7,31.19,7369,512.8,70.3,standing,healthy
T045,2024-07-17,39.01,59.4,32.35,8970,505.2,65.6,standing,healthy
T045,2024-07-18,38.7,68.2,29.42,5964,443.9,74.7,grazing,healthy
T045,2024-07-19,38.73,66.7,36.19,9379,491.9,58.9,standing,healthy
T045,2024-07-20,38.61,66.8,28.18,8803,416.7,77.8,standing,healthy
T045,2024-07-21,38.38,68.0,25.38,6475,443.8,63.6,standing,healthy
T045,2024-07-22,38.71,74.8,27.07,9118,503.8,52.1,standing,healthy
T045,2024-07-23,38.41,68.7,33.34,8939,462.4,64.8,standing,healthy
T045,2024-07-24,38.78,67.9,28.37,9122,441.6,63.3,standing,healthy
T045,2024-07-25,38.65,63.2,28.26,7605,526.5,67.8,standing,healthy
T045,2024-07-26,38.39,66.6,27.87,7453,513.9,70.2,grazing,healthy
T045,2024-07-27,38.19,68.4,29.06,8491,488.8,69.7,lying,healthy
T045,2024-07-28,38.65,66.1,33.99,8395,430.8,74.2,standing,healthy
T045,2024-07-29,38.59,71.4,26.44,7745,456.7,77.2,standing,healthy
T045,2024-07-30,38.27,67.4,35.19,8027,508.5,63.8,standing,healthy
T046,2024-07-01,38.46,65.8,28.82,8793,495.4,67.0,walking,healthy
T046,2024-07-02,38.63,67.2,31.27,9829,497.2,69.0,grazing,healthy
T046,2024-07-03,38.76,67.8,30.11,8167,520.3,57.0,standing,healthy
T046,2024-07-04,38.57,69.5,29.82,6930,540.2,66.0,grazing,healthy
T046,2024-07-05,38.49,67.6,32.4,9880,436.5,61.5,lying,healthy
T046,2024-07-06,38.96,65.0,35.24,7989,446.6,66.1,grazing,healthy
T046,2024-07-07,38.31,69.1,23.83,9514,495.8,71.7,grazing,healthy
T046,2024-07-08,38.61,64.7,28.3,6839,542.7,56.5,grazing,healthy
T046,2024-07-09,38.68,74.7,29.34,9550,507.7,58.4,grazing,healthy
T046,2024-07-10,38.75,73.5,33.16,8088,437.0,59.8,grazing,healthy
T046,2024-07-11,38.56,71.3,19.78,6505,535.8,63.0,standing,healthy
T046,2024-07-12,38.56,68.2,32.57,9745,483.5,65.4,standing,healthy
T046,2024-07-13,38.61,66.4,35.17,10408,534.9,77.6,standing,healthy
T046,2024-07-14,38.52,66.4,32.12,9196,485.2,61.8,grazing,healthy
T046,2024-07-15,38.86,72.9,23.67,7054,530.2,61.7,grazing,healthy
T046,2024-07-16,38.5,61.1,30.44,7808,468.0,70.0,grazing,healthy
T046,2024-07-17,39.01,67.5,33.56,8800,479.6,52.2,walking,healthy
T046,2024-07-18,38.61,69.4,40.8,6877,468.6,58.8,standing,healthy
T046,2024-07-19,38.58,64.8,33.11,9638,518.0,65.1,walking,healthy
T046,2024-07-20,38.63,62.8,29.64,7912,486.0,55.1,lying,healthy
T046,2024-07-21,38.76,64.6,23.29,8810,463.6,62.5,lying,healthy
T046,2024-07-22,38.86,76.6,27.42,6281,536.7,66.4,grazing,healthy
T046,2024-07-23,38.15,71.2,34.48,7425,545.3,71.3,standing,healthy
T046,2024-07-24,38.57,77.8,29.14,7115,505.9,70.4,lying,healthy
T046,2024-07-25,38.71,66.5,34.4,9813,403.4,67.1,walking,healthy
T046,2024-07-26,38.24,71.2,36.68,7538,483.9,59.6,walking,healthy
T046,2024-07-27,38.92,65.4,32.17,7168,507.9,69.9,lying,healthy
T046,2024-07-28,38.81,62.6,31.71,7837,485.8,47.1,walking,healthy
T046,2024-07-29,38.59,65.2,30.23,6002,498.8,73.5,lying,healthy
T046,2024-07-30,38.68,64.7,33.85,5930,496.7,55.7,grazing,healthy
T047,2024-07-01,39.11,69.7,38.19,9038,425.7,76.2,grazing,healthy
T047,2024-07-02,38.76,73.8,30.11,8492,480.7,65.9,lying,healthy
T047,2024-07-03,38.7,64.3,33.53,8492,503.7,62.2,grazing,healthy
T047,2024-07-04,38.33,74.6,36.71,7900,404.9,58.4,grazing,healthy
T047,2024-07-05,38.57,64.9,36.78,5801,436.8,68.3,standing,healthy
T047,2024-07-06,38.8,67.9,36.77,7168,497.3,71.8,walking,healthy
T047,2024-07-07,38.69,72.8,25.62,7929,505.8,71.9,standing,healthy
T047,2024-07-08,38.73,71.1,39.01,6801,537.2,75.2,standing,healthy
T047,2024-07-09,38.44,62.9,30.83,8840,487.8,69.9,standing,healthy
T047,2024-07-10,38.46,70.6,35.26,8839,447.2,67.7,standing,healthy
T047,2024-07-11,38.82,68.0,26.13,7647,503.7,60.7,lying,healthy
T047,2024-07-12,39.02,66.3,41.6,7726,502.9,71.7,grazing,healthy
T047,2024-07-13,38.46,64.7,27.08,6350,496.7,71.8,standing,healthy
T047,2024-07-14,38.89,74.1,31.42,9781,439.7,69.2,standing,healthy
T047,2024-07-15,38.59,66.2,37.03,9254,472.8,67.6,lying,healthy
T047,2024-07-16,38.59,69.9,31.19,8549,553.7,66.6,walking,healthy
T047,2024-07-17,38.89,55.0,33.6,6396,482.7,66.6,grazing,healthy
T047,2024-07-18,39.13,71.5,27.23,8473,506.5,69.2,lying,healthy
T047,2024-07-19,38.77,63.6,33.77,6237,497.3,69.5,lying,healthy
T047,2024-07-20,39.15,66.9,33.92,10104,503.2,69.4,lying,healthy
T047,2024-07-21,38.72,67.5,27.0,9462,507.8,82.2,standing,healthy
T047,2024-07-22,38.48,61.6,34.12,8219,511.6,62.3,standing,healthy
T047,2024-07-23,38.6,69.5,37.36,8075,497.3,69.1,walking,healthy
T047,2024-07-24,38.73,70.9,30.65,7504,522.0,65.9,lying,healthy
T047,2024-07-25,38.59,61.2,29.62,8928,467.3,62.3,standing,healthy
T047,2024-07-26,38.53,68.6,27.36,10282,518.2,61.4,lying,healthy
T047,2024-07-27,38.98,63.6,38.33,7537,446.4,65.8,grazing,healthy
T047,2024-07-28,38.67,66.4,34.59,8354,485.0,65.5,standing,healthy
T047,2024-07-29,38.4,70.8,29.43,7508,510.9,63.2,standing,healthy
T047,2024-07-30,38.63,74.2,33.43,8765,505.6,61.2,grazing,healthy
T048,2024-07-01,38.86,63.1,31.04,9654,496.9,67.2,lying,healthy
T048,2024-07-02,38.7,68.5,34.42,9138,477.7,67.1,walking,healthy
T048,2024-07-03,38.55,69.8,34.93,6423,480.8,65.4,standing,healthy
T048,2024-07-04,39.3,71.6,28.17,8970,507.7,66.8,standing,healthy
T048,2024-07-05,38.74,66.9,39.74,9076,518.4,69.6,lying,healthy
T048,2024-07-06,38.75,65.1,37.43,9899,554.4,69.4,walking,healthy
T048,2024-07-07,38.9,71.9,29.25,8880,508.6,69.1,lying,healthy
T048,2024-07-08,39.03,71.6,33.02,6998,483.6,67.7,standing,healthy
T048,2024-07-09,38.42,72.2,32.69,7168,456.5,66.0,grazing,healthy
T048,2024-07-10,38.89,69.1,30.16,8608,456.6,63.3,grazing,healthy
T048,2024-07-11,38.86,68.5,33.88,8961,441.5,55.9,standing,healthy
T048,2024-07-12,39.29,59.8,24.8,8420,398.9,55.1,lying,healthy
T048,2024-07-13,38.8,73.2,36.39,8141,454.6,61.6,grazing,healthy
T048,2024-07-14,38.69,68.9,38.68,8837,463.6,61.4,standing,healthy
T048,2024-07-15,39.02,67.1,39.63,8497,468.7,67.3,standing,healthy
T048,2024-07-16,39.29,69.2,35.64,6675,473.1,75.0,grazing,healthy
T048,2024-07-17,39.27,64.4,27.92,5558,470.1,64.4,walking,healthy
T048,2024-07-18,38.8,71.0,29.92,6745,422.7,65.1,standing,healthy
T048,2024-07-19,39.21,68.8,35.46,5897,527.5,75.2,lying,healthy
T048,2024-07-20,39.1,66.2,28.99,9303,491.8,62.3,standing,healthy
T048,2024-07-21,39.15,64.9,36.98,6829,456.0,72.3,grazing,healthy
T048,2024-07-22,38.7,73.8,32.97,5934,493.3,71.3,standing,healthy
T048,2024-07-23,38.67,75.2,39.43,8631,533.3,67.8,grazing,healthy
T048,2024-07-24,38.59,69.4,32.32,6376,516.0,62.5,grazing,healthy
T048,2024-07-25,38.98,65.8,23.58,7202,475.0,65.5,walking,healthy
T048,2024-07-26,38.59,68.6,36.38,9143,488.9,63.3,standing,healthy
T048,2024-07-27,38.96,68.8,34.54,8409,423.7,71.2,standing,healthy
T048,2024-07-28,39.12,62.1,30.05,6894,430.9,66.3,walking,healthy
T048,2024-07-29,38.88,69.0,36.47,10162,437.9,67.1,grazing,healthy
T048,2024-07-30,38.76,67.2,29.3,8555,475.5,66.9,standing,healthy
T049,2024-07-01,38.53,69.4,28.01,10570,429.6,68.3,walking,healthy
T049,2024-07-02,39.19,67.3,34.37,9936,444.5,59.6,lying,healthy
T049,2024-07-03,38.9,58.2,28.28,8019,531.3,70.7,standing,healthy
T049,2024-07-04,38.88,69.1,25.37,8126,487.0,58.4,standing,healthy
T049,2024-07-05,38.57,70.2,32.21,8067,521.3,62.5,walking,healthy
T049,2024-07-06,39.27,68.6,31.19,7474,498.4,65.4,walking,healthy
T049,2024-07-07,38.29,70.8,25.46,7803,470.9,69.5,standing,healthy
T049,2024-07-08,38.12,63.4,33.43,9007,481.2,70.3,standing,healthy
T049,2024-07-09,38.62,64.6,31.46,6798,458.7,59.5,lying,healthy
T049,2024-07-10,38.34,70.5,33.74,6533,461.1,70.8,walking,healthy
T049,2024-07-11,38.69,63.3,32.01,5914,461.6,66.9,standing,healthy
T049,2024-07-12,38.59,71.9,31.64,5488,487.3,70.3,walking,healthy
T049,2024-07-13,38.65,62.0,31.93,8535,471.8,51.8,lying,healthy
T049,2024-07-14,38.93,65.4,37.88,8591,432.1,74.1,grazing,healthy
T049,2024-07-15,39.04,65.4,31.79,8065,494.6,75.7,lying,healthy
T049,2024-07-16,39.08,70.6,29.3,8477,523.3,60.6,standing,healthy
T049,2024-07-17,38.79,62.9,27.82,8470,549.4,61.7,lying,healthy
T049,2024-07-18,38.73,73.8,41.15,8877,496.3,67.5,grazing,healthy
T049,2024-07-19,39.04,68.0,38.07,10137,422.6,66.7,grazing,healthy
T049,2024-07-20,38.63,66.6,26.38,8024,498.9,61.6,lying,healthy
T049,2024-07-21,38.3,72.8,35.04,9878,468.4,54.3,walking,healthy
T049,2024-07-22,38.91,69.8,40.45,6868,440.8,61.8,lying,healthy
T049,2024-07-23,39.02,62.0,33.35,9676,468.9,57.7,lying,healthy
T049,2024-07-24,39.01,66.8,36.09,7619,422.9,71.3,standing,healthy
T049,2024-07-25,39.15,71.2,32.72,7441,510.1,69.9,standing,healthy
T049,2024-07-26,38.61,64.4,32.81,7870,496.9,66.6,standing,healthy
T049,2024-07-27,38.75,68.2,36.72,8935,469.9,71.3,lying,healthy
T049,2024-07-28,38.9,69.1,26.91,9905,502.2,72.7,lying,healthy
T049,2024-07-29,38.9,69.4,32.41,9521,483.5,67.4,lying,healthy
T049,2024-07-30,38.88,65.8,30.35,7060,437.9,60.4,standing,healthy
T050,2024-07-01,38.78,69.8,40.73,6420,510.7,65.4,standing,healthy
T050,2024-07-02,38.6,68.2,35.69,7734,426.0,71.7,walking,healthy
T050,2024-07-03,38.37,71.2,29.21,8881,487.5,61.1,walking,healthy
T050,2024-07-04,38.72,68.5,27.98,9874,436.0,72.8,lying,healthy
T050,2024-07-05,38.54,70.0,34.47,9076,417.5,67.9,lying,healthy
T050,2024-07-06,38.26,71.0,26.48,7165,407.9,68.4,standing,healthy
T050,2024-07-07,38.4,60.0,29.22,6432,466.3,67.1,grazing,healthy
T050,2024-07-08,38.18,74.3,29.85,6909,413.5,71.5,lying,healthy
T050,2024-07-09,38.68,78.3,34.4,5102,432.0,71.9,standing,healthy
T050,2024-07-10,38.27,68.5,40.06,8419,465.9,64.7,standing,healthy
T050,2024-07-11,38.17,75.1,28.67,7400,456.2,67.8,grazing,healthy
T050,2024-07-12,38.89,71.1,28.59,8826,401.1,66.8,standing,healthy
T050,2024-07-13,38.47,67.4,42.72,8925,412.4,71.7,lying,healthy
T050,2024-07-14,38.48,65.8,33.33,5971,455.8,82.6,lying,healthy
T050,2024-07-15,38.78,66.6,35.38,6573,428.2,80.1,standing,healthy
T050,2024-07-16,38.28,67.7,32.23,5911,429.3,74.6,grazing,healthy
T050,2024-07-17,38.4,72.2,32.69,6715,485.1,72.3,grazing,healthy
T050,2024-07-18,37.97,68.5,45.28,8313,445.3,79.0,grazing,healthy
T050,2024-07-19,38.77,69.6,32.21,7673,411.3,74.2,standing,healthy
T050,2024-07-20,38.03,66.4,36.44,8293,409.8,59.7,grazing,healthy
T050,2024-07-21,38.57,68.7,25.33,7236,501.2,67.2,standing,healthy
T050,2024-07-22,38.82,67.0,36.9,8918,403.5,78.6,standing,healthy
T050,2024-07-23,38.38,78.5,30.22,9871,400.3,65.2,standing,healthy
T050,2024-07-24,38.4,67.0,30.82,7564,465.2,66.7,lying,healthy
T050,2024-07-25,38.82,71.8,34.51,7811,427.3,65.4,standing,healthy
T050,2024-07-26,38.9,71.0,34.03,5171,419.6,81.6,grazing,healthy
T050,2024-07-27,38.18,70.4,34.71,7784,436.2,76.9,standing,healthy
T050,2024-07-28,38.56,61.7,32.72,6398,414.6,78.9,standing,healthy
T050,2024-07-29,38.14,68.4,37.76,7867,498.6,79.1,lying,healthy
T050,2024-07-30,38.03,68.5,26.1,7465,444.7,84.8,standing,healthy
T051,2024-07-01,39.01,61.8,39.41,7331,499.6,54.4,lying,healthy
T051,2024-07-02,38.67,68.4,21.02,7550,531.5,69.5,lying,healthy
T051,2024-07-03,38.8,61.5,24.42,9292,453.5,54.8,lying,healthy
T051,2024-07-04,39.16,66.8,23.82,9085,494.6,69.4,walking,healthy
T051,2024-07-05,38.59,66.4,33.09,6969,445.1,58.0,lying,healthy
T051,2024-07-06,38.32,63.6,31.65,8327,508.3,72.8,standing,healthy
T051,2024-07-07,38.67,68.2,29.2,10855,444.0,73.5,standing,healthy
T051,2024-07-08,38.85,70.0,26.61,5741,421.8,71.1,standing,healthy
T051,2024-07-09,38.29,63.6,31.83,7623,477.7,68.1,standing,healthy
T051,2024-07-10,38.62,68.8,24.08,7063,493.6,58.5,lying,healthy
T051,2024-07-11,39.05,64.6,24.18,8939,505.8,68.1,standing,healthy
T051,2024-07-12,38.6,64.8,29.53,8595,478.1,70.3,grazing,healthy
T051,2024-07-13,38.79,72.8,26.89,6753,453.0,66.8,lying,healthy
T051,2024-07-14,38.23,67.6,31.17,8519,508.3,53.7,grazing,healthy
T051,2024-07-15,38.42,68.7,31.2,8351,485.3,73.4,grazing,healthy
T051,2024-07-16,38.22,70.2,27.14,9025,502.1,64.0,grazing,healthy
T051,2024-07-17,38.39,73.2,26.67,9076,557.9,73.0,standing,healthy
T051,2024-07-18,38.72,63.3,28.99,5945,514.4,63.6,standing,healthy
T051,2024-07-19,38.18,69.1,27.18,9256,487.2,61.0,grazing,healthy
T051,2024-07-20,38.75,68.1,30.98,6440,521.2,72.5,standing,healthy
T051,2024-07-21,38.64,66.4,22.39,6760,545.4,74.3,standing,healthy
T051,2024-07-22,38.47,64.0,31.96,7983,520.8,62.1,walking,healthy
T051,2024-07-23,38.96,70.7,29.85,8973,526.5,66.1,lying,healthy
T051,2024-07-24,38.54,67.5,30.88,7080,439.6,62.6,grazing,healthy
T051,2024-07-25,38.6,72.4,30.68,7177,522.7,60.8,grazing,healthy
T051,2024-07-26,38.71,61.4,23.14,7380,429.0,61.6,grazing,healthy
T051,2024-07-27,38.35,66.0,33.8,9255,491.4,69.9,walking,healthy
T051,2024-07-28,38.42,72.5,30.62,7495,468.5,73.9,standing,healthy
T051,2024-07-29,38.73,66.3,35.6,8630,469.8,65.9,standing,healthy
T051,2024-07-30,38.47,72.7,22.35,5114,538.1,57.0,lying,healthy
T052,2024-07-01,38.61,60.1,32.19,8191,524.8,64.2,standing,healthy
T052,2024-07-02,38.47,65.0,35.57,7911,498.3,74.6,lying,healthy
T052,2024-07-03,38.27,69.4,29.74,7399,468.0,49.0,standing,healthy
T052,2024-07-04,38.57,63.9,27.23,9045,556.1,56.0,grazing,healthy
T052,2024-07-05,38.45,66.4,39.62,8004,496.1,62.8,standing,healthy
T052,2024-07-06,38.66,65.9,35.74,7478,467.2,81.8,lying,healthy
T052,2024-07-07,38.51,68.0,31.42,7940,516.7,63.0,walking,healthy
T052,2024-07-08,38.77,70.5,41.79,6847,507.1,80.2,lying,healthy
T052,2024-07-09,38.86,76.0,37.64,10150,533.2,76.5,lying,healthy
T052,2024-07-10,38.53,75.6,41.34,9870,499.9,69.9,lying,healthy
T052,2024-07-11,38.47,71.2,39.18,9290,539.4,67.9,lying,healthy
T052,2024-07-12,38.8,66.8,31.37,8315,430.6,74.1,grazing,healthy
T052,2024-07-13,38.18,66.1,32.27,9688,482.5,71.5,walking,healthy
T052,2024-07-14,38.65,73.8,34.0,6693,468.3,64.0,standing,healthy
T052,2024-07-15,38.68,68.8,32.05,10315,467.7,68.0,walking,healthy
T052,2024-07-16,38.56,73.3,33.91,7449,495.9,67.0,standing,healthy
T052,2024-07-17,39.02,69.1,29.55,7772,560.0,67.0,standing,healthy
T052,2024-07-18,38.53,70.0,29.25,6630,511.0,67.8,grazing,healthy
T052,2024-07-19,38.45,70.4,30.35,7829,546.9,76.2,standing,healthy
T052,2024-07-20,38.95,71.6,27.83,7009,478.2,64.8,walking,healthy
T052,2024-07-21,38.91,65.9,31.4,6360,502.0,66.4,standing,healthy
T052,2024-07-22,38.44,67.9,38.63,8775,512.6,60.5,grazing,healthy
T052,2024-07-23,38.83,70.4,38.46,5564,525.8,74.3,grazing,healthy
T052,2024-07-24,38.42,64.4,35.34,6846,509.5,66.3,walking,healthy
T052,2024-07-25,38.45,64.6,37.99,8939,505.3,71.2,grazing,healthy
T052,2024-07-26,39.02,67.5,30.85,6831,469.7,62.3,standing,healthy
T052,2024-07-27,38.43,65.9,25.26,8812,499.5,58.2,walking,healthy
T052,2024-07-28,38.64,67.7,39.06,6001,500.3,58.7,standing,healthy
T052,2024-07-29,38.65,65.9,27.46,7727,559.3,60.2,grazing,healthy
T052,2024-07-30,38.63,73.1,29.39,8593,439.3,69.0,standing,healthy
T053,2024-07-01,38.63,69.0,26.87,8529,493.8,50.7,lying,healthy
T053,2024-07-02,38.76,63.8,26.75,8082,528.4,72.1,standing,healthy
T053,2024-07-03,38.75,65.0,41.74,6736,543.7,70.7,lying,healthy
T053,2024-07-04,38.68,68.1,28.3,9339,466.8,65.5,lying,healthy
T053,2024-07-05,38.76,65.0,33.0,8013,501.8,69.5,grazing,healthy
T053,2024-07-06,38.34,66.0,35.35,7756,533.8,70.5,standing,healthy
T053,2024-07-07,39.01,71.0,29.04,9053,521.1,51.6,grazing,healthy
T053,2024-07-08,38.67,70.2,29.73,7947,470.2,65.3,grazing,healthy
T053,2024-07-09,38.85,70.5,35.31,7510,535.0,62.1,walking,healthy
T053,2024-07-10,38.49,61.0,36.77,7703,515.1,69.0,grazing,healthy
T053,2024-07-11,38.35,72.3,30.74,7030,482.0,65.3,standing,healthy
T053,2024-07-12,38.58,72.4,20.54,7042,515.7,75.8,lying,healthy
T053,2024-07-13,38.32,70.2,24.38,8629,540.1,66.4,standing,healthy
T053,2024-07-14,39.0,74.2,32.88,7850,515.6,68.2,lying,healthy
T053,2024-07-15,38.28,64.5,27.26,7489,522.9,66.6,standing,healthy
T053,2024-07-16,38.41,71.8,30.07,8686,502.6,50.5,grazing,healthy
T053,2024-07-17,38.59,67.2,41.46,9514,449.2,68.0,grazing,healthy
T053,2024-07-18,38.6,67.2,33.27,6663,538.2,67.5,standing,healthy
T053,2024-07-19,38.52,63.3,28.89,5311,543.0,73.3,grazing,healthy
T053,2024-07-20,38.52,69.8,24.82,6644,541.7,69.6,standing,healthy
T053,2024-07-21,37.98,65.4,32.57,6918,470.7,58.6,walking,healthy
T053,2024-07-22,38.99,62.4,33.72,7600,550.0,63.5,grazing,healthy
T053,2024-07-23,38.9,56.2,38.91,8275,519.3,65.3,grazing,healthy
T053,2024-07-24,38.64,68.9,25.19,6981,470.7,73.0,standing,healthy
T053,2024-07-25,39.03,70.7,23.25,8315,488.8,64.5,grazing,healthy
T053,2024-07-26,38.27,70.4,31.93,5875,443.2,68.6,grazing,healthy
T053,2024-07-27,39.03,70.6,33.1,9016,539.2,59.6,grazing,healthy
T053,2024-07-28,38.33,70.2,23.74,8578,487.7,58.3,lying,healthy
T053,2024-07-29,38.7,64.2,26.37,6937,501.4,58.7,walking,healthy
T053,2024-07-30,38.97,73.5,26.57,8832,546.5,67.6,standing,healthy
T054,2024-07-01,38.36,72.4,30.08,7415,484.6,73.9,lying,healthy
T054,2024-07-02,38.7,75.4,37.02,3608,511.2,70.3,standing,healthy
T054,2024-07-03,38.59,67.6,35.92,8070,420.1,61.1,grazing,healthy
T054,2024-07-04,38.88,69.2,33.1,6966,461.4,58.4,lying,healthy
T054,2024-07-05,38.81,66.4,29.79,6282,496.8,66.3,grazing,healthy
T054,2024-07-06,38.53,71.1,28.5,7835,447.4,61.6,lying,healthy
T054,2024-07-07,38.53,71.4,23.28,9946,478.6,62.8,standing,healthy
T054,2024-07-08,38.33,75.4,31.81,6698,489.0,68.6,walking,healthy
T054,2024-07-09,38.87,67.7,34.93,8386,479.4,69.7,lying,healthy
T054,2024-07-10,38.55,71.8,29.75,6788,528.2,62.4,grazing,healthy
T054,2024-07-11,38.84,56.9,44.11,9588,452.5,63.1,standing,healthy
T054,2024-07-12,38.38,70.6,32.23,5336,477.9,60.1,grazing,healthy
T054,2024-07-13,38.57,72.6,30.3,7931,507.1,62.6,grazing,healthy
T054,2024-07-14,38.56,70.0,31.3,6591,458.0,70.8,grazing,healthy
T054,2024-07-15,38.41,70.7,30.52,8442,366.1,63.1,standing,healthy
T054,2024-07-16,38.34,65.9,29.37,6946,511.9,62.7,walking,healthy
T054,2024-07-17,38.69,71.2,36.82,9243,527.1,60.0,standing,healthy
T054,2024-07-18,38.71,70.0,35.47,6652,486.6,66.5,standing,healthy
T054,2024-07-19,39.09,68.0,33.81,6361,536.4,61.0,standing,healthy
T054,2024-07-20,38.49,65.8,28.45,6686,519.1,56.3,lying,healthy
T054,2024-07-21,38.8,71.7,37.19,10020,399.6,55.7,standing,healthy
T054,2024-07-22,38.42,63.8,32.28,8293,393.0,60.2,standing,healthy
T054,2024-07-23,38.56,63.5,29.68,6165,457.2,56.6,standing,healthy
T054,2024-07-24,38.44,67.0,33.24,7577,489.4,60.9,grazing,healthy
T054,2024-07-25,38.85,69.6,31.58,6599,475.0,67.2,grazing,healthy
T054,2024-07-26,38.82,68.2,33.43,8055,419.4,69.5,standing,healthy
T054,2024-07-27,38.65,70.7,28.3,7040,473.9,65.1,grazing,healthy
T054,2024-07-28,38.29,73.7,32.21,10645,489.3,63.3,standing,healthy
T054,2024-07-29,38.6,65.9,29.73,7675,465.6,60.3,grazing,healthy
T054,2024-07-30,39.06,59.9,33.97,9268,480.8,55.0,walking,healthy
T055,2024-07-01,38.84,73.3,31.48,6701,492.8,65.3,grazing,healthy
T055,2024-07-02,38.93,75.9,30.82,6159,449.2,60.0,grazing,healthy
T055,2024-07-03,38.71,63.6,26.56,7810,523.6,70.1,grazing,healthy
T055,2024-07-04,38.78,67.6,28.38,7716,499.8,59.5,standing,healthy
T055,2024-07-05,38.65,71.4,37.54,8607,479.6,58.4,grazing,healthy
T055,2024-07-06,38.87,66.8,38.68,8937,491.2,65.0,lying,healthy
T055,2024-07-07,38.78,67.4,30.91,6990,451.6,68.9,standing,healthy
T055,2024-07-08,38.91,68.7,32.48,9609,469.6,54.7,lying,healthy
T055,2024-07-09,38.59,69.6,35.25,7865,466.9,66.4,grazing,healthy
T055,2024-07-10,38.64,70.4,33.28,8599,495.7,64.2,standing,healthy
T055,2024-07-11,38.83,63.4,32.46,3503,468.8,66.1,grazing,healthy
T055,2024-07-12,38.91,67.9,27.52,6385,430.7,73.1,lying,healthy
T055,2024-07-13,38.66,69.5,34.21,7795,464.4,63.4,walking,healthy
T055,2024-07-14,38.88,70.1,32.45,6268,447.2,59.3,standing,healthy
T055,2024-07-15,38.87,60.8,29.48,10994,510.8,78.1,lying,healthy
T055,2024-07-16,38.98,69.4,31.88,7231,512.3,66.4,lying,healthy
T055,2024-07-17,38.12,66.7,34.64,7505,493.7,74.4,lying,healthy
T055,2024-07-18,38.74,69.0,35.82,6197,477.2,66.9,grazing,healthy
T055,2024-07-19,38.94,62.9,28.61,7840,501.2,64.4,lying,healthy
T055,2024-07-20,38.65,67.8,31.51,9658,475.1,68.7,standing,healthy
T055,2024-07-21,38.46,68.9,39.97,9462,487.4,63.8,standing,healthy
T055,2024-07-22,38.6,71.6,30.67,8345,507.3,68.1,grazing,healthy
T055,2024-07-23,39.34,72.4,32.55,9361,526.6,72.7,standing,healthy
T055,2024-07-24,38.79,73.2,31.62,9121,488.8,59.2,grazing,healthy
T055,2024-07-25,38.41,73.3,21.04,6231,457.4,61.7,grazing,healthy
T055,2024-07-26,38.85,65.5,36.71,8924,545.6,63.1,lying,healthy
T055,2024-07-27,38.57,71.9,40.41,9845,496.0,70.4,grazing,healthy
T055,2024-07-28,39.11,71.2,32.59,9328,503.9,57.8,lying,healthy
T055,2024-07-29,38.83,73.8,29.87,9449,486.3,73.7,standing,healthy
T055,2024-07-30,39.05,65.4,39.04,6367,493.3,59.7,walking,healthy
T056,2024-07-01,38.76,67.0,32.78,7562,530.8,66.5,lying,healthy
T056,2024-07-02,38.76,66.9,28.1,7125,534.4,65.4,standing,healthy
T056,2024-07-03,38.85,72.3,27.49,7215,485.3,62.2,standing,healthy
T056,2024-07-04,38.72,66.8,33.9,8630,604.1,70.5,lying,healthy
T056,2024-07-05,38.56,67.5,21.87,9073,457.3,68.6,grazing,healthy
T056,2024-07-06,39.0,61.7,29.03,7488,506.8,66.9,grazing,healthy
T056,2024-07-07,38.88,78.4,32.37,7248,483.2,68.2,standing,healthy
T056,2024-07-08,38.91,66.8,35.97,8949,462.3,66.9,lying,healthy
T056,2024-07-09,39.25,60.7,26.9,7625,583.8,78.8,lying,healthy
T056,2024-07-10,38.73,74.2,36.96,9396,498.1,65.6,grazing,healthy
T056,2024-07-11,38.7,67.0,29.28,9232,508.9,67.8,standing,healthy
T056,2024-07-12,38.69,72.4,35.89,8510,464.9,73.4,standing,healthy
T056,2024-07-13,39.0,67.7,31.16,9722,548.2,66.2,grazing,healthy
T056,2024-07-14,38.49,68.3,29.85,9457,543.6,59.4,walking,healthy
T056,2024-07-15,38.84,66.2,26.25,7672,550.2,64.2,grazing,healthy
T056,2024-07-16,38.27,69.9,32.51,9702,507.5,45.5,standing,healthy
T056,2024-07-17,38.38,76.4,20.94,7400,496.6,65.8,lying,healthy
T056,2024-07-18,38.53,61.9,30.32,7003,530.4,76.7,grazing,healthy
T056,2024-07-19,38.99,56.8,28.85,10140,476.0,78.6,lying,healthy
T056,2024-07-20,38.54,70.1,25.02,7562,452.3,64.1,walking,healthy
T056,2024-07-21,38.86,70.5,22.74,10455,514.0,72.5,grazing,healthy
T056,2024-07-22,38.67,62.4,30.28,9919,524.7,78.3,grazing,healthy
T056,2024-07-23,38.86,61.3,31.89,7485,466.4,78.5,standing,healthy
T056,2024-07-24,38.38,66.6,22.09,6726,525.9,72.4,walking,healthy
T056,2024-07-25,38.58,70.1,25.58,11620,528.8,66.8,lying,healthy
T056,2024-07-26,38.77,70.1,26.18,8349,498.3,63.5,standing,healthy
T056,2024-07-27,38.71,67.5,29.73,8290,526.6,71.6,lying,healthy
T056,2024-07-28,38.58,68.0,29.74,8196,554.4,69.8,walking,healthy
T056,2024-07-29,38.48,67.0,27.52,10047,499.4,78.4,grazing,healthy
T056,2024-07-30,38.96,80.3,31.03,8315,458.7,67.3,lying,healthy
T057,2024-07-01,38.82,73.2,27.39,5168,488.5,67.1,standing,healthy
T057,2024-07-02,38.49,61.1,20.8,7841,429.8,71.6,lying,healthy
T057,2024-07-03,38.57,74.4,33.44,5012,543.6,78.6,grazing,healthy
T057,2024-07-04,38.7,67.0,26.59,6559,541.9,63.6,walking,healthy
T057,2024-07-05,38.26,68.0,30.53,6362,475.4,69.6,lying,healthy
T057,2024-07-06,38.56,70.6,25.96,5891,521.6,77.1,lying,healthy
T057,2024-07-07,38.54,70.6,33.55,8185,505.6,69.9,standing,healthy
T057,2024-07-08,38.87,73.7,27.86,5655,508.2,70.0,standing,healthy
T057,2024-07-09,38.62,74.7,30.37,5965,495.2,65.9,standing,healthy
T057,2024-07-10,38.55,68.7,43.19,8458,487.6,69.4,grazing,healthy
T057,2024-07-11,39.0,70.4,25.99,8027,472.5,69.6,standing,healthy
T057,2024-07-12,38.67,66.6,33.52,6801,566.4,77.7,grazing,healthy
T057,2024-07-13,38.37,72.9,32.35,6295,409.5,67.7,lying,healthy
T057,2024-07-14,38.96,73.4,34.37,5615,499.7,57.0,lying,healthy
T057,2024-07-15,38.51,69.4,32.42,9207,484.1,71.6,standing,healthy
T057,2024-07-16,38.48,66.7,30.2,6558,482.7,63.1,grazing,healthy
T057,2024-07-17,38.78,66.7,30.74,7081,517.5,68.4,standing,healthy
T057,2024-07-18,38.61,74.5,25.8,4023,469.9,67.2,standing,healthy
T057,2024-07-19,38.58,66.7,31.64,4805,527.2,73.0,lying,healthy
T057,2024-07-20,38.39,74.2,22.87,4520,487.9,80.6,standing,healthy
T057,2024-07-21,38.87,65.2,30.14,7358,444.9,68.3,walking,healthy
T057,2024-07-22,38.52,69.7,27.85,7567,499.7,72.2,grazing,healthy
T057,2024-07-23,38.94,68.5,27.63,6383,493.5,83.8,standing,healthy
T057,2024-07-24,38.78,71.3,24.31,8517,487.4,61.6,grazing,healthy
T057,2024-07-25,38.49,66.5,31.56,8058,470.9,65.3,walking,healthy
T057,2024-07-26,39.11,69.4,27.47,7055,439.1,62.4,walking,healthy
T057,2024-07-27,38.9,64.7,24.98,8685,401.6,66.7,standing,healthy
T057,2024-07-28,37.95,69.4,24.47,6309,507.7,70.9,lying,healthy
T057,2024-07-29,38.58,68.1,30.55,5465,456.3,64.2,standing,healthy
T057,2024-07-30,38.71,70.1,27.61,6652,491.2,64.4,lying,healthy
T058,2024-07-01,38.71,62.5,33.31,5384,478.0,79.8,lying,healthy
T058,2024-07-02,38.87,62.4,38.26,6652,447.3,68.6,standing,healthy
T058,2024-07-03,38.9,71.6,43.85,9444,447.2,57.7,grazing,healthy
T058,2024-07-04,39.14,66.1,35.64,7488,432.2,65.9,lying,healthy
T058,2024-07-05,39.17,60.5,30.91,7164,466.1,67.5,lying,healthy
T058,2024-07-06,39.01,65.9,36.02,6381,416.2,66.8,grazing,healthy
T058,2024-07-07,39.04,68.8,29.71,7906,484.6,73.3,walking,healthy
T058,2024-07-08,38.95,72.8,42.22,6512,434.0,62.9,walking,healthy
T058,2024-07-09,38.85,67.7,38.27,6291,456.3,52.4,lying,healthy
T058,2024-07-10,38.56,73.4,39.95,4171,495.8,72.8,grazing,healthy
T058,2024-07-11,39.13,66.2,37.23,8662,503.4,62.4,grazing,healthy
T058,2024-07-12,39.02,62.9,25.4,7061,519.5,59.3,standing,healthy
T058,2024-07-13,39.05,68.6,33.95,6780,482.9,75.3,grazing,healthy
T058,2024-07-14,38.82,69.4,41.55,8198,441.1,66.3,grazing,healthy
T058,2024-07-15,39.3,70.9,38.05,7342,437.3,66.0,grazing,healthy
T058,2024-07-16,38.5,65.2,30.78,8700,413.6,68.5,walking,healthy
T058,2024-07-17,38.88,66.8,35.37,7515,512.6,62.8,walking,healthy
T058,2024-07-18,38.84,70.8,35.62,6782,461.5,66.3,lying,healthy
T058,2024-07-19,39.0,63.3,31.76,9842,469.4,64.4,grazing,healthy
T058,2024-07-20,39.08,70.1,33.36,7003,423.7,70.5,standing,healthy
T058,2024-07-21,39.12,67.7,33.67,6820,497.0,62.7,grazing,healthy
T058,2024-07-22,38.4,63.9,33.01,9046,500.5,75.4,standing,healthy
T058,2024-07-23,38.78,69.7,32.2,7315,433.6,72.3,lying,healthy
T058,2024-07-24,39.15,64.7,36.89,7411,504.1,59.7,grazing,healthy
T058,2024-07-25,38.8,63.6,22.46,6877,506.7,59.6,standing,healthy
T058,2024-07-26,38.96,68.6,41.43,8746,493.6,57.4,grazing,healthy
T058,2024-07-27,39.27,70.6,29.28,7107,462.9,66.9,lying,healthy
T058,2024-07-28,38.63,77.1,30.5,4516,444.5,55.4,lying,healthy
T058,2024-07-29,38.5,69.5,32.39,7612,461.9,58.0,grazing,healthy
T058,2024-07-30,38.57,68.7,30.28,8691,495.4,63.2,walking,healthy
T059,2024-07-01,38.77,64.6,33.28,8513,546.4,58.8,walking,healthy
T059,2024-07-02,38.85,71.8,37.53,8535,498.4,65.3,walking,healthy
T059,2024-07-03,38.58,62.5,33.17,5273,530.7,74.0,lying,healthy
T059,2024-07-04,38.62,63.9,39.6,8316,504.5,69.4,lying,healthy
T059,2024-07-05,38.88,62.6,32.79,9339,462.3,68.5,lying,healthy
T059,2024-07-06,38.87,65.4,23.18,8238,529.2,68.4,grazing,healthy
T059,2024-07-07,38.64,74.2,46.45,8408,464.4,69.4,standing,healthy
T059,2024-07-08,38.66,69.9,42.63,6085,549.1,65.5,grazing,healthy
T059,2024-07-09,38.71,71.3,38.49,6429,512.6,55.0,standing,healthy
T059,2024-07-10,38.71,67.3,30.83,8160,519.0,70.6,standing,healthy
T059,2024-07-11,38.58,64.5,29.72,5455,493.5,65.7,grazing,healthy
T059,2024-07-12,38.43,72.0,34.04,7466,472.4,59.7,walking,healthy
T059,2024-07-13,39.33,70.6,36.66,7901,508.8,68.2,standing,healthy
T059,2024-07-14,38.38,64.3,30.18,6911,479.2,67.1,walking,healthy
T059,2024-07-15,38.68,71.9,38.92,7634,465.3,62.0,lying,healthy
T059,2024-07-16,38.89,68.4,35.16,7253,516.2,70.5,walking,healthy
T059,2024-07-17,38.57,70.2,41.74,10208,503.0,61.7,grazing,healthy
T059,2024-07-18,38.4,69.8,24.75,5605,427.6,69.0,grazing,healthy
T059,2024-07-19,38.84,60.1,31.34,9317,497.2,59.5,grazing,healthy
T059,2024-07-20,38.12,64.5,40.83,8157,473.0,65.2,lying,healthy
T059,2024-07-21,39.13,66.8,35.77,8719,504.1,64.4,standing,healthy
T059,2024-07-22,38.65,71.0,29.94,9123,455.8,63.0,grazing,healthy
T059,2024-07-23,38.37,65.4,27.1,7241,476.0,52.5,walking,healthy
T059,2024-07-24,38.68,68.7,39.14,8203,474.9,67.6,walking,healthy
T059,2024-07-25,38.59,70.1,30.98,9057,428.6,65.2,grazing,healthy
T059,2024-07-26,38.88,71.1,36.7,7691,472.6,68.7,standing,healthy
T059,2024-07-27,39.22,68.7,24.98,8674,514.6,66.2,standing,healthy
T059,2024-07-28,39.32,67.1,28.87,5588,431.9,67.3,lying,healthy
T059,2024-07-29,38.6,73.3,29.71,7178,482.0,77.4,lying,healthy
T059,2024-07-30,38.69,70.8,29.78,8237,405.0,58.7,grazing,healthy
T060,2024-07-01,38.68,70.4,37.55,6852,485.0,67.6,standing,healthy
T060,2024-07-02,38.61,65.8,28.36,8258,530.9,65.2,grazing,healthy
T060,2024-07-03,38.31,71.5,29.31,6263,478.8,67.1,standing,healthy
T060,2024-07-04,38.74,63.5,34.99,9845,479.4,58.5,standing,healthy
T060,2024-07-05,38.7,67.2,31.79,7927,514.2,62.7,standing,healthy
T060,2024-07-06,39.02,63.2,23.64,6530,461.1,58.9,grazing,healthy
T060,2024-07-07,38.57,73.6,33.22,6364,489.0,63.5,lying,healthy
T060,2024-07-08,38.62,63.8,33.05,4886,428.1,56.9,standing,healthy
T060,2024-07-09,38.68,66.8,29.44,7601,557.3,71.2,lying,healthy
T060,2024-07-10,38.91,71.9,32.14,7558,475.7,67.4,standing,healthy
T060,2024-07-11,38.75,60.9,29.68,6878,471.6,72.9,lying,healthy
T060,2024-07-12,38.68,66.7,34.78,7243,528.5,66.5,grazing,healthy
T060,2024-07-13,38.8,68.5,25.85,5188,507.6,63.3,grazing,healthy
T060,2024-07-14,38.48,69.7,24.99,6765,470.5,69.3,grazing,healthy
T060,2024-07-15,38.43,64.1,30.13,8574,503.7,63.9,standing,healthy
T060,2024-07-16,38.63,68.9,32.64,4968,458.9,59.6,standing,healthy
T060,2024-07-17,38.74,76.4,34.75,6937,504.0,63.4,lying,healthy
T060,2024-07-18,38.76,65.1,33.63,5742,509.8,53.5,grazing,healthy
T060,2024-07-19,38.62,65.8,31.97,8467,479.2,57.4,walking,healthy
T060,2024-07-20,38.57,65.9,27.28,5914,481.2,63.0,standing,healthy
T060,2024-07-21,38.46,65.0,29.72,7270,492.8,73.5,standing,healthy
T060,2024-07-22,38.93,69.2,32.26,7363,494.7,66.3,grazing,healthy
T060,2024-07-23,38.62,68.0,25.7,5166,500.8,65.2,grazing,healthy
T060,2024-07-24,38.6,66.6,30.35,6631,485.1,62.3,grazing,healthy
T060,2024-07-25,38.2,66.1,25.93,7400,515.0,56.6,standing,healthy
T060,2024-07-26,38.6,76.1,29.25,6043,473.3,63.8,grazing,healthy
T060,2024-07-27,38.6,74.4,27.6,7130,553.5,68.2,walking,healthy
T060,2024-07-28,38.84,63.2,33.83,4305,420.5,65.1,grazing,healthy
T060,2024-07-29,38.63,71.0,34.28,7628,547.7,65.8,standing,healthy
T060,2024-07-30,38.73,64.1,32.49,9893,543.6,61.5,lying,healthy
T061,2024-07-01,38.69,69.6,35.43,7201,486.3,67.1,lying,healthy
T061,2024-07-02,38.54,66.1,33.78,6451,431.0,73.1,grazing,healthy
T061,2024-07-03,38.56,75.7,33.88,7640,453.5,71.5,grazing,healthy
T061,2024-07-04,38.9,64.6,38.16,7683,524.2,73.8,lying,healthy
T061,2024-07-05,38.47,69.2,41.6,9386,471.4,60.6,standing,healthy
T061,2024-07-06,38.9,66.6,38.54,8676,494.9,72.7,grazing,healthy
T061,2024-07-07,38.26,68.6,41.61,9578,510.1,74.2,lying,healthy
T061,2024-07-08,38.7,67.8,33.47,7654,485.0,68.4,standing,healthy
T061,2024-07-09,38.6,70.0,27.04,7682,491.9,69.5,grazing,healthy
T061,2024-07-10,38.51,68.4,30.98,6765,459.2,72.9,grazing,healthy
T061,2024-07-11,38.85,69.9,35.04,8723,432.1,66.0,grazing,healthy
T061,2024-07-12,38.95,68.0,36.17,7041,404.6,73.7,standing,healthy
T061,2024-07-13,38.79,66.6,34.48,6941,526.1,79.9,standing,healthy
T061,2024-07-14,38.52,66.7,29.32,6920,446.5,63.7,standing,healthy
T061,2024-07-15,38.3,70.0,38.57,7021,440.7,91.1,grazing,healthy
T061,2024-07-16,38.75,71.1,33.33,9916,474.0,55.5,walking,healthy
T061,2024-07-17,38.33,62.6,33.38,6580,485.5,75.5,lying,healthy
T061,2024-07-18,38.8,75.9,42.19,8738,428.7,60.6,standing,healthy
T061,2024-07-19,38.41,64.9,31.51,10786,520.2,62.1,lying,healthy
T061,2024-07-20,38.93,67.6,40.02,7788,496.4,68.7,walking,healthy
T061,2024-07-21,38.59,62.3,44.2,6293,495.0,60.9,standing,healthy
T061,2024-07-22,38.45,63.4,39.39,8175,509.6,76.2,standing,healthy
T061,2024-07-23,39.05,68.7,37.13,7848,494.0,69.9,walking,healthy
T061,2024-07-24,38.58,71.0,37.52,6881,512.5,77.4,lying,healthy
T061,2024-07-25,38.27,56.9,33.95,9313,439.6,73.8,grazing,healthy
T061,2024-07-26,38.38,69.5,35.75,6014,448.2,67.7,grazing,healthy
T061,2024-07-27,38.56,64.1,38.73,8413,548.5,81.5,lying,healthy
T061,2024-07-28,38.46,61.6,38.12,8089,438.2,58.9,walking,healthy
T061,2024-07-29,38.27,67.1,34.77,6581,425.9,70.1,standing,healthy
T061,2024-07-30,38.47,66.1,42.03,6222,501.1,81.9,lying,healthy
T062,2024-07-01,38.64,69.9,34.88,5601,499.0,62.7,standing,healthy
T062,2024-07-02,38.93,70.2,28.2,7315,469.3,69.9,standing,healthy
T062,2024-07-03,38.53,65.6,35.93,7975,453.4,62.3,standing,healthy
T062,2024-07-04,38.78,71.6,29.79,9836,435.6,78.6,lying,healthy
T062,2024-07-05,39.08,75.0,30.63,6911,442.0,58.4,walking,healthy
T062,2024-07-06,38.6,65.6,21.55,7628,451.0,74.1,walking,healthy
T062,2024-07-07,38.73,69.2,35.62,7711,500.2,62.5,grazing,healthy
T062,2024-07-08,38.83,70.4,33.88,7750,503.7,56.8,lying,healthy
T062,2024-07-09,38.99,71.4,35.53,4736,447.0,70.3,standing,healthy
T062,2024-07-10,38.78,70.3,26.02,8811,468.5,75.4,standing,healthy
T062,2024-07-11,38.69,72.0,33.96,7268,439.2,74.0,lying,healthy
T062,2024-07-12,38.81,65.5,31.89,9440,454.1,68.3,standing,healthy
T062,2024-07-13,38.76,63.2,37.07,7564,488.7,65.0,lying,healthy
T062,2024-07-14,39.05,68.2,28.87,9206,515.7,60.1,standing,healthy
T062,2024-07-15,38.65,57.7,36.15,7460,530.0,71.5,lying,healthy
T062,2024-07-16,39.04,67.5,33.01,8007,482.3,60.7,grazing,healthy
T062,2024-07-17,39.06,62.7,38.49,8447,412.3,77.2,grazing,healthy
T062,2024-07-18,39.15,70.9,40.01,5966,452.8,64.4,grazing,healthy
T062,2024-07-19,39.28,68.9,37.09,5524,557.0,61.9,standing,healthy
T062,2024-07-20,39.0,70.5,30.2,6136,527.4,75.6,grazing,healthy
T062,2024-07-21,38.55,74.4,27.59,6697,499.7,64.2,standing,healthy
T062,2024-07-22,39.06,66.8,30.48,8566,473.0,69.9,grazing,healthy
T062,2024-07-23,38.91,64.5,28.38,7416,451.3,74.0,lying,healthy
T062,2024-07-24,38.35,70.1,39.4,6924,455.0,58.4,lying,healthy
T062,2024-07-25,39.09,65.8,33.8,6824,536.9,61.9,grazing,healthy
T062,2024-07-26,38.86,68.0,32.54,6030,460.7,67.6,lying,healthy
T062,2024-07-27,38.58,66.6,37.07,7064,520.6,63.3,walking,healthy
T062,2024-07-28,38.4,66.3,39.67,5240,441.7,65.6,standing,healthy
T062,2024-07-29,38.74,72.0,33.34,10557,487.6,75.7,lying,healthy
T062,2024-07-30,38.83,69.5,36.56,8104,558.2,80.0,walking,healthy
T063,2024-07-01,38.77,75.0,26.67,6336,553.6,73.4,standing,healthy
T063,2024-07-02,39.0,74.3,29.71,10746,521.9,67.7,standing,healthy
T063,2024-07-03,38.89,64.4,30.97,7595,462.1,65.3,walking,healthy
T063,2024-07-04,38.99,73.4,31.71,9095,529.2,71.8,grazing,healthy
T063,2024-07-05,38.9,77.6,33.45,6789,480.9,67.9,standing,healthy
T063,2024-07-06,39.0,75.7,31.28,10680,518.1,63.5,grazing,healthy
T063,2024-07-07,39.18,66.0,27.69,7917,485.3,73.5,walking,healthy
T063,2024-07-08,38.77,75.8,27.42,9982,546.1,63.3,grazing,healthy
T063,2024-07-09,39.24,68.4,31.24,8423,449.2,66.9,lying,healthy
T063,2024-07-10,38.53,61.7,31.74,8201,479.6,60.0,lying,healthy
T063,2024-07-11,38.76,73.1,32.53,9213,494.3,82.3,lying,healthy
T063,2024-07-12,38.74,69.9,38.42,7177,484.4,64.7,standing,healthy
T063,2024-07-13,39.51,69.4,19.94,9449,482.8,58.2,grazing,healthy
T063,2024-07-14,39.13,64.0,12.97,6850,487.1,65.9,grazing,healthy
T063,2024-07-15,38.82,68.1,35.96,7931,500.6,62.6,grazing,healthy
T063,2024-07-16,39.0,63.0,34.01,8588,463.3,67.9,lying,healthy
T063,2024-07-17,39.02,61.2,34.59,6435,566.1,56.9,standing,healthy
T063,2024-07-18,39.18,70.7,30.32,7149,507.7,64.2,standing,healthy
T063,2024-07-19,39.03,70.6,23.38,7320,606.5,60.4,grazing,healthy
T063,2024-07-20,39.18,70.0,28.43,9713,539.4,78.7,standing,healthy
T063,2024-07-21,38.83,69.0,26.01,7708,505.7,63.6,grazing,healthy
T063,2024-07-22,39.5,67.7,21.76,7888,509.3,61.6,lying,healthy
T063,2024-07-23,38.64,64.0,24.39,9829,521.7,70.9,standing,healthy
T063,2024-07-24,39.04,77.8,35.73,9320,512.9,66.2,lying,healthy
T063,2024-07-25,39.1,68.6,36.72,9269,501.4,67.0,grazing,healthy
T063,2024-07-26,38.51,68.8,29.94,8715,482.5,58.8,lying,healthy
T063,2024-07-27,39.0,72.2,37.52,9247,494.3,72.5,standing,healthy
T063,2024-07-28,39.75,73.6,31.65,8266,448.0,70.9,walking,healthy
T063,2024-07-29,38.69,73.2,34.95,5268,532.3,70.4,lying,healthy
T063,2024-07-30,38.95,64.2,24.0,7091,496.0,41.8,walking,healthy
T064,2024-07-01,38.36,66.3,32.96,6867,537.0,70.5,grazing,healthy
T064,2024-07-02,38.67,69.0,33.66,7799,479.3,65.3,walking,healthy
T064,2024-07-03,38.53,71.1,33.06,7216,455.5,67.1,lying,healthy
T064,2024-07-04,38.46,70.2,27.48,7345,473.1,61.9,standing,healthy
T064,2024-07-05,38.48,68.3,34.49,5929,458.1,68.7,walking,healthy
T064,2024-07-06,38.72,71.1,35.09,5852,464.7,68.7,grazing,healthy
T064,2024-07-07,38.73,70.9,40.42,8570,491.9,74.6,lying,healthy
T064,2024-07-08,38.79,67.0,34.07,7257,456.7,57.7,lying,healthy
T064,2024-07-09,38.47,61.4,40.67,5405,451.5,73.6,standing,healthy
T064,2024-07-10,38.9,72.8,34.25,8699,445.2,69.6,lying,healthy
T064,2024-07-11,38.4,64.7,40.11,7195,491.8,77.3,lying,healthy
T064,2024-07-12,38.69,67.7,26.73,7681,491.6,60.1,lying,healthy
T064,2024-07-13,38.84,73.1,33.08,6391,444.7,65.3,lying,healthy
T064,2024-07-14,38.93,63.6,33.51,7590,488.0,69.2,standing,healthy
T064,2024-07-15,38.59,65.7,25.1,6424,438.0,71.0,grazing,healthy
T064,2024-07-16,38.46,74.5,33.13,7047,489.9,75.6,lying,healthy
T064,2024-07-17,38.55,63.0,30.22,6044,473.6,74.6,grazing,healthy
T064,2024-07-18,38.56,66.6,27.82,7054,484.6,67.5,standing,healthy
T064,2024-07-19,38.64,68.3,33.83,7708,457.0,65.3,grazing,healthy
T064,2024-07-20,38.64,71.1,37.42,8286,507.2,71.2,walking,healthy
T064,2024-07-21,38.2,68.8,33.12,9352,504.5,64.4,walking,healthy
T064,2024-07-22,38.28,70.9,39.05,7963,486.6,67.4,grazing,healthy
T064,2024-07-23,38.33,64.1,33.71,6168,441.1,68.8,lying,healthy
T064,2024-07-24,38.69,60.2,39.65,8479,481.4,66.3,walking,healthy
T064,2024-07-25,38.56,71.9,24.77,5798,477.8,70.2,grazing,healthy
T064,2024-07-26,38.71,73.1,32.37,6334,481.6,65.0,grazing,healthy
T064,2024-07-27,38.34,63.8,32.09,7137,449.0,74.4,grazing,healthy
T064,2024-07-28,38.73,72.3,34.79,4525,403.3,64.2,grazing,healthy
T064,2024-07-29,38.91,67.8,34.22,7613,583.6,76.3,standing,healthy
T064,2024-07-30,38.48,68.9,41.82,9531,474.0,73.4,standing,healthy
T065,2024-07-01,38.61,66.4,33.14,8362,441.7,71.1,lying,healthy
T065,2024-07-02,38.95,66.4,36.6,10204,515.3,73.8,standing,healthy
T065,2024-07-03,38.16,66.6,27.75,7910,487.5,82.2,standing,healthy
T065,2024-07-04,38.46,68.6,36.18,8312,502.4,70.7,grazing,healthy
T065,2024-07-05,38.2,69.1,29.54,6382,507.0,68.2,grazing,healthy
T065,2024-07-06,38.6,69.5,36.76,6643,472.8,74.5,grazing,healthy
T065,2024-07-07,38.85,71.1,34.65,8389,527.7,74.8,walking,healthy
T065,2024-07-08,38.58,65.0,31.39,7946,417.3,64.1,lying,healthy
T065,2024-07-09,38.44,69.8,29.99,10953,460.5,66.9,lying,healthy
T065,2024-07-10,38.4,70.4,35.25,8173,434.3,70.0,walking,healthy
T065,2024-07-11,38.77,70.6,36.15,9678,522.8,72.1,grazing,healthy
T065,2024-07-12,38.85,65.5,26.35,7481,439.1,70.0,walking,healthy
T065,2024-07-13,38.62,65.4,37.23,7963,519.8,63.0,lying,healthy
T065,2024-07-14,38.88,72.7,40.21,7470,481.5,66.4,standing,healthy
T065,2024-07-15,38.21,60.9,29.06,8290,498.1,69.8,lying,healthy
T065,2024-07-16,38.66,63.9,29.01,6897,432.9,66.3,grazing,healthy
T065,2024-07-17,38.49,65.6,22.84,7073,442.3,70.0,standing,healthy
T065,2024-07-18,38.38,69.3,38.54,6690,537.0,64.7,lying,healthy
T065,2024-07-19,38.56,56.1,38.3,8392,498.6,65.9,walking,healthy
T065,2024-07-20,38.73,68.9,29.95,6197,469.5,71.4,lying,healthy
T065,2024-07-21,38.87,68.2,30.03,7673,506.1,77.7,lying,healthy
T065,2024-07-22,38.7,68.7,28.48,9375,505.7,74.1,walking,healthy
T065,2024-07-23,38.81,66.2,26.13,7545,451.8,63.2,lying,healthy
T065,2024-07-24,38.44,70.4,34.62,5550,546.5,74.0,grazing,healthy
T065,2024-07-25,38.15,70.4,35.55,6687,529.0,65.7,grazing,healthy
T065,2024-07-26,38.97,65.8,28.34,4981,499.3,67.9,grazing,healthy
T065,2024-07-27,37.94,59.1,33.92,6757,428.5,79.6,standing,healthy
T065,2024-07-28,38.65,65.8,26.39,5830,424.0,65.7,lying,healthy
T065,2024-07-29,38.88,62.7,34.97,7947,541.8,77.6,standing,healthy
T065,2024-07-30,38.56,68.6,36.71,8696,490.1,71.8,grazing,healthy
T066,2024-07-01,39.26,74.2,34.49,8918,549.3,67.4,lying,healthy
T066,2024-07-02,39.03,68.9,26.87,5071,487.1,64.0,grazing,healthy
T066,2024-07-03,38.4,69.5,31.21,8046,511.3,75.8,standing,healthy
T066,2024-07-04,38.62,65.4,38.81,7776,473.9,57.2,walking,healthy
T066,2024-07-05,39.27,65.8,30.51,7307,512.0,72.4,walking,healthy
T066,2024-07-06,38.7,65.2,27.49,5962,510.3,63.4,walking,healthy
T066,2024-07-07,38.45,69.4,29.04,7739,465.1,60.7,standing,healthy
T066,2024-07-08,38.53,71.6,32.11,8366,505.4,66.8,standing,healthy
T066,2024-07-09,39.06,71.3,34.36,4936,529.2,63.0,walking,healthy
T066,2024-07-10,39.2,67.5,37.81,5876,471.4,75.2,grazing,healthy
T066,2024-07-11,39.2,62.8,38.94,7991,511.4,73.7,standing,healthy
T066,2024-07-12,38.57,67.9,27.06,6688,451.8,64.3,standing,healthy
T066,2024-07-13,38.23,70.8,44.33,7710,479.8,66.6,standing,healthy
T066,2024-07-14,38.91,67.2,22.98,6278,445.5,79.3,grazing,healthy
T066,2024-07-15,39.3,69.4,32.72,6599,488.3,60.1,lying,healthy
T066,2024-07-16,38.9,67.8,34.99,5353,476.6,63.1,lying,healthy
T066,2024-07-17,38.79,70.2,33.61,6098,472.5,63.7,walking,healthy
T066,2024-07-18,38.8,65.0,28.35,9346,530.8,63.4,lying,healthy
T066,2024-07-19,38.23,65.9,38.02,6539,458.2,69.6,walking,healthy
T066,2024-07-20,38.9,70.5,32.42,4521,528.4,67.5,grazing,healthy
T066,2024-07-21,38.85,61.1,45.33,6313,513.0,66.8,standing,healthy
T066,2024-07-22,38.91,67.2,35.17,5999,489.1,79.0,walking,healthy
T066,2024-07-23,38.89,66.9,33.05,5567,489.9,62.2,walking,healthy
T066,2024-07-24,39.01,68.3,46.47,5687,431.6,77.1,grazing,healthy
T066,2024-07-25,38.88,62.7,36.59,7278,487.7,73.1,walking,healthy
T066,2024-07-26,38.64,58.6,35.69,4014,498.3,75.7,grazing,healthy
T066,2024-07-27,39.27,66.5,34.21,8824,492.1,73.8,lying,healthy
T066,2024-07-28,38.76,64.5,35.85,7164,460.7,59.3,standing,healthy
T066,2024-07-29,38.85,68.2,40.1,8925,457.0,67.6,grazing,healthy
T066,2024-07-30,39.23,72.2,35.1,7229,487.9,67.9,standing,healthy
T067,2024-07-01,38.86,69.2,29.38,6349,445.5,68.0,lying,healthy
T067,2024-07-02,39.34,62.6,35.42,7021,500.7,66.0,grazing,healthy
T067,2024-07-03,38.72,67.6,31.33,8454,496.2,70.4,standing,healthy
T067,2024-07-04,38.53,66.4,31.72,6940,470.1,48.0,lying,healthy
T067,2024-07-05,38.65,67.5,29.75,6972,522.7,58.2,lying,healthy
T067,2024-07-06,39.2,70.4,32.08,8562,481.0,63.3,lying,healthy
T067,2024-07-07,38.92,71.1,40.78,9024,487.7,63.2,lying,healthy
T067,2024-07-08,39.27,65.3,41.2,7407,475.3,63.1,grazing,healthy
T067,2024-07-09,38.52,68.7,23.63,6871,466.0,64.6,lying,healthy
T067,2024-07-10,38.75,69.6,24.85,7310,492.2,61.6,grazing,healthy
T067,2024-07-11,38.89,56.2,29.34,6724,488.6,83.1,lying,healthy
T067,2024-07-12,39.02,66.7,31.9,9170,511.7,64.4,walking,healthy
T067,2024-07-13,38.61,65.7,32.83,5992,505.2,72.7,grazing,healthy
T067,2024-07-14,38.86,68.9,27.37,8438,503.9,58.9,standing,healthy
T067,2024-07-15,39.08,67.0,35.01,8043,453.9,64.9,walking,healthy
T067,2024-07-16,38.77,69.2,33.45,7502,445.8,60.8,grazing,healthy
T067,2024-07-17,39.21,69.7,28.74,7994,515.1,57.8,lying,healthy
T067,2024-07-18,38.52,63.4,28.21,8934,484.3,57.7,grazing,healthy
T067,2024-07-19,38.7,68.8,32.17,7559,469.0,76.8,lying,healthy
T067,2024-07-20,39.05,63.2,33.38,10608,466.8,74.4,lying,healthy
T067,2024-07-21,38.68,63.0,26.95,7407,474.1,68.9,lying,healthy
T067,2024-07-22,38.96,65.6,30.0,9632,450.2,67.1,lying,healthy
T067,2024-07-23,38.42,66.6,28.21,8812,528.3,70.1,lying,healthy
T067,2024-07-24,38.98,63.3,33.23,7178,525.5,66.9,grazing,healthy
T067,2024-07-25,39.07,64.6,29.05,9532,449.2,64.1,lying,healthy
T067,2024-07-26,38.65,65.6,30.18,6137,499.9,66.6,lying,healthy
T067,2024-07-27,38.78,74.0,28.42,10646,441.2,69.9,grazing,healthy
T067,2024-07-28,38.67,62.2,30.77,6505,511.1,66.9,standing,healthy
T067,2024-07-29,38.76,67.6,30.74,6615,485.8,77.0,grazing,healthy
T067,2024-07-30,38.72,70.6,29.2,8819,437.3,57.5,grazing,healthy
T068,2024-07-01,38.51,65.8,31.05,7241,448.4,63.1,standing,healthy
T068,2024-07-02,39.03,66.6,34.34,8149,493.9,55.5,lying,healthy
T068,2024-07-03,38.93,66.3,27.8,10554,564.3,68.3,lying,healthy
T068,2024-07-04,38.85,68.3,28.79,6510,514.5,62.6,standing,healthy
T068,2024-07-05,38.62,66.0,19.64,8095,519.6,75.1,standing,healthy
T068,2024-07-06,38.66,61.1,23.6,6753,497.7,73.8,walking,healthy
T068,2024-07-07,38.72,62.6,32.41,5020,524.9,69.8,lying,healthy
T068,2024-07-08,38.77,68.6,26.54,8066,476.6,67.3,grazing,healthy
T068,2024-07-09,38.08,69.4,30.43,6857,527.3,65.2,lying,healthy
T068,2024-07-10,39.14,61.3,25.43,7410,502.3,64.2,grazing,healthy
T068,2024-07-11,38.63,67.0,36.37,6956,520.8,63.4,standing,healthy
T068,2024-07-12,38.7,70.7,25.7,9471,480.9,68.3,standing,healthy
T068,2024-07-13,38.94,66.8,31.62,9719,464.1,66.7,grazing,healthy
T068,2024-07-14,38.84,72.6,33.51,7543,512.0,70.6,lying,healthy
T068,2024-07-15,38.98,75.6,23.97,6464,552.8,54.2,lying,healthy
T068,2024-07-16,38.9,64.8,27.73,7665,530.7,63.7,grazing,healthy
T068,2024-07-17,38.79,67.3,22.32,6401,550.3,66.6,grazing,healthy
T068,2024-07-18,38.34,60.2,28.58,7831,510.6,75.7,standing,healthy
T068,2024-07-19,38.35,68.7,37.3,7228,459.6,64.7,grazing,healthy
T068,2024-07-20,38.83,64.9,18.68,5990,516.6,70.1,standing,healthy
T068,2024-07-21,38.86,66.4,31.27,7124,527.4,74.1,grazing,healthy
T068,2024-07-22,38.91,72.4,33.31,8991,476.1,50.9,grazing,healthy
T068,2024-07-23,38.59,70.4,33.6,7331,456.8,67.3,walking,healthy
T068,2024-07-24,38.48,70.7,31.45,8972,489.3,69.9,standing,healthy
T068,2024-07-25,38.24,67.3,34.22,8035,553.8,63.9,grazing,healthy
T068,2024-07-26,38.7,75.4,37.71,8789,527.0,61.9,grazing,healthy
T068,2024-07-27,39.15,66.7,34.9,9191,536.2,66.2,lying,healthy
T068,2024-07-28,38.9,69.8,33.28,8192,475.8,67.9,walking,healthy
T068,2024-07-29,38.63,71.8,24.9,4872,553.4,68.5,standing,healthy
T068,2024-07-30,38.98,73.3,32.64,9003,480.9,64.6,walking,healthy
T069,2024-07-01,38.98,62.5,26.29,6931,474.2,68.0,standing,healthy
T069,2024-07-02,38.77,70.6,19.69,7345,485.2,61.2,standing,healthy
T069,2024-07-03,38.72,73.9,22.47,7601,459.6,60.7,lying,healthy
T069,2024-07-04,38.59,61.4,29.56,7825,453.6,69.0,grazing,healthy
T069,2024-07-05,38.77,70.3,35.23,6581,467.4,78.2,lying,healthy
T069,2024-07-06,38.6,60.2,22.34,5048,486.7,70.9,grazing,healthy
T069,2024-07-07,38.75,69.3,27.96,6362,446.5,62.0,standing,healthy
T069,2024-07-08,38.93,73.7,25.32,9463,432.6,75.1,grazing,healthy
T069,2024-07-09,38.87,63.1,27.87,7147,420.0,74.0,walking,healthy
T069,2024-07-10,38.49,71.2,31.68,8921,520.9,69.5,walking,healthy
T069,2024-07-11,38.65,65.4,24.79,8657,491.5,62.9,walking,healthy
T069,2024-07-12,38.3,71.2,27.37,7161,451.8,63.7,grazing,healthy
T069,2024-07-13,38.78,73.8,23.93,7091,457.0,77.3,grazing,healthy
T069,2024-07-14,39.16,71.1,34.18,9295,479.5,72.0,grazing,healthy
T069,2024-07-15,38.21,73.8,30.13,6934,463.5,68.2,walking,healthy
T069,2024-07-16,38.5,72.1,21.92,6821,534.0,73.4,grazing,healthy
T069,2024-07-17,38.78,67.8,23.14,9169,509.9,63.6,standing,healthy
T069,2024-07-18,38.84,74.1,31.55,7152,473.0,61.7,standing,healthy
T069,2024-07-19,38.93,66.2,25.17,5772,523.8,73.4,standing,healthy
T069,2024-07-20,38.34,64.0,29.71,7318,466.9,68.8,lying,healthy
T069,2024-07-21,38.54,66.2,25.34,7045,520.5,57.7,standing,healthy
T069,2024-07-22,38.47,68.3,32.12,8849,523.7,62.3,walking,healthy
T069,2024-07-23,38.67,66.9,23.87,9669,504.0,74.4,standing,healthy
T069,2024-07-24,38.96,66.6,28.43,7526,476.1,74.5,walking,healthy
T069,2024-07-25,38.64,67.3,29.65,7915,512.0,63.6,grazing,healthy
T069,2024-07-26,38.11,66.1,29.76,8994,530.4,64.9,grazing,healthy
T069,2024-07-27,38.55,75.3,24.72,10344,485.0,56.6,lying,healthy
T069,2024-07-28,38.62,67.6,34.11,7416,462.3,73.8,standing,healthy
T069,2024-07-29,38.84,64.6,24.11,6504,496.2,69.5,grazing,healthy
T069,2024-07-30,38.49,58.9,29.05,5464,441.7,64.6,lying,healthy
T070,2024-07-01,38.86,68.1,34.61,9660,507.6,67.4,grazing,healthy
T070,2024-07-02,38.32,69.4,25.52,8744,438.4,77.3,standing,healthy
T070,2024-07-03,38.33,66.0,30.28,9249,522.0,66.6,walking,healthy
T070,2024-07-04,38.8,73.6,38.89,9972,471.2,70.4,standing,healthy
T070,2024-07-05,38.58,70.2,37.07,7916,477.6,69.5,grazing,healthy
T070,2024-07-06,38.38,70.1,26.5,8583,431.5,77.5,lying,healthy
T070,2024-07-07,38.65,73.4,31.2,9001,530.2,60.1,lying,healthy
T070,2024-07-08,38.55,68.4,33.4,9815,491.5,72.4,standing,healthy
T070,2024-07-09,38.98,71.4,28.74,6983,429.9,77.3,lying,healthy
T070,2024-07-10,38.76,71.4,26.63,11594,475.3,78.0,standing,healthy
T070,2024-07-11,38.39,69.8,28.1,6241,481.0,61.2,standing,healthy
T070,2024-07-12,39.05,70.8,28.51,7896,474.7,81.8,lying,healthy
T070,2024-07-13,38.63,66.8,26.59,9137,529.8,66.5,walking,healthy
T070,2024-07-14,38.5,64.6,31.52,6616,481.1,76.4,lying,healthy
T070,2024-07-15,38.61,71.4,23.74,9311,535.3,80.7,lying,healthy
T070,2024-07-16,38.63,74.5,25.0,8517,524.8,65.0,lying,healthy
T070,2024-07-17,39.12,68.5,35.51,8783,452.4,78.2,grazing,healthy
T070,2024-07-18,39.0,62.9,32.25,10711,458.4,69.9,lying,healthy
T070,2024-07-19,38.1,77.0,29.04,10202,462.8,78.6,standing,healthy
T070,2024-07-20,38.43,67.2,28.91,6116,485.4,70.7,grazing,healthy
T070,2024-07-21,38.4,65.7,40.22,9019,419.3,66.2,grazing,healthy
T070,2024-07-22,38.26,68.2,29.6,9508,519.3,73.7,grazing,healthy
T070,2024-07-23,39.17,67.9,36.63,7225,404.8,60.9,grazing,healthy
T070,2024-07-24,38.58,72.7,20.85,8518,548.3,74.4,grazing,healthy
T070,2024-07-25,38.73,72.8,29.72,7583,517.7,74.2,walking,healthy
T070,2024-07-26,38.27,68.1,27.19,8208,462.3,72.4,grazing,healthy
T070,2024-07-27,38.47,75.6,29.19,7688,529.7,63.0,standing,healthy
T070,2024-07-28,38.7,70.6,33.69,7624,530.2,74.2,standing,healthy
T070,2024-07-29,38.45,65.6,36.43,8012,498.5,70.3,standing,healthy
T070,2024-07-30,38.34,63.1,26.81,8870,440.4,76.1,walking,healthy
T071,2024-07-01,39.07,70.1,38.66,8957,491.0,57.3,walking,healthy
T071,2024-07-02,38.52,64.0,41.7,8573,490.9,61.8,standing,healthy
T071,2024-07-03,38.74,67.0,34.92,8960,526.1,67.6,walking,healthy
T071,2024-07-04,38.21,73.2,32.2,8166,500.3,64.6,lying,healthy
T071,2024-07-05,39.01,67.8,38.31,7882,433.8,67.5,lying,healthy
T071,2024-07-06,38.46,70.7,35.51,9214,505.1,68.2,grazing,healthy
T071,2024-07-07,39.02,70.8,21.66,7965,454.9,71.9,standing,healthy
T071,2024-07-08,38.62,70.1,32.57,8003,503.4,61.8,grazing,healthy
T071,2024-07-09,38.78,64.9,33.55,6918,506.7,52.0,walking,healthy
T071,2024-07-10,38.54,72.1,37.69,4011,536.1,71.1,lying,healthy
T071,2024-07-11,38.59,71.5,28.64,9118,477.3,72.2,standing,healthy
T071,2024-07-12,38.4,61.7,27.38,9502,486.0,66.8,standing,healthy
T071,2024-07-13,39.11,69.0,31.88,7845,438.3,69.0,lying,healthy
T071,2024-07-14,38.71,67.5,36.96,8368,483.6,65.4,lying,healthy
T071,2024-07-15,38.05,70.0,29.56,7918,469.5,60.6,grazing,healthy
T071,2024-07-16,38.56,65.3,29.42,8620,435.7,62.5,lying,healthy
T071,2024-07-17,38.28,69.0,34.0,5883,532.0,69.9,walking,healthy
T071,2024-07-18,38.78,70.8,36.12,5502,515.3,60.2,grazing,healthy
T071,2024-07-19,38.83,70.0,34.68,6022,487.2,66.6,grazing,healthy
T071,2024-07-20,38.55,64.3,34.32,10393,442.8,69.3,grazing,healthy
T071,2024-07-21,38.87,68.8,28.23,8693,503.0,72.7,lying,healthy
T071,2024-07-22,38.67,61.8,30.34,8401,532.4,64.9,standing,healthy
T071,2024-07-23,38.46,65.7,30.86,7400,483.5,70.5,walking,healthy
T071,2024-07-24,38.63,74.0,36.41,8873,501.8,54.4,grazing,healthy
T071,2024-07-25,38.73,71.6,32.95,7683,474.8,66.0,walking,healthy
T071,2024-07-26,38.91,69.4,34.59,7900,492.0,51.9,grazing,healthy
T071,2024-07-27,38.43,65.2,24.46,8563,434.7,60.5,standing,healthy
T071,2024-07-28,38.81,66.4,32.31,9530,456.0,75.5,lying,healthy
T071,2024-07-29,38.35,70.0,36.11,9498,462.6,62.8,lying,healthy
T071,2024-07-30,38.19,60.6,34.31,9358,539.2,59.2,lying,healthy
T072,2024-07-01,38.71,66.9,34.16,7694,421.3,70.2,lying,healthy
T072,2024-07-02,39.06,72.1,21.82,6739,478.7,77.9,grazing,healthy
T072,2024-07-03,38.53,67.7,30.53,7055,453.2,62.0,grazing,healthy
T072,2024-07-04,38.6,68.0,25.77,9204,479.4,74.6,grazing,healthy
T072,2024-07-05,38.9,65.0,34.05,7266,477.5,66.6,walking,healthy
T072,2024-07-06,38.67,64.6,31.36,7772,500.8,79.5,lying,healthy
T072,2024-07-07,38.8,70.6,33.76,6567,524.7,67.9,lying,healthy
T072,2024-07-08,38.82,72.0,33.53,5706,466.6,62.0,standing,healthy
T072,2024-07-09,38.36,79.3,24.35,6921,519.5,75.9,lying,healthy
T072,2024-07-10,38.8,71.4,27.27,8159,474.6,70.4,lying,healthy
T072,2024-07-11,39.03,73.2,27.81,6709,474.4,69.4,grazing,healthy
T072,2024-07-12,39.02,68.4,28.74,5040,463.2,77.1,standing,healthy
T072,2024-07-13,38.64,74.2,35.95,8400,508.1,75.3,lying,healthy
T072,2024-07-14,38.61,62.2,32.66,8071,472.8,72.9,walking,healthy
T072,2024-07-15,38.85,63.0,32.21,7871,471.9,73.0,lying,healthy
T072,2024-07-16,39.12,64.9,35.23,7062,444.3,66.4,lying,healthy
T072,2024-07-17,38.44,68.1,29.97,5202,420.1,64.6,standing,healthy
T072,2024-07-18,38.71,70.8,32.78,7827,457.9,69.2,standing,healthy
T072,2024-07-19,38.48,67.1,30.89,5300,464.7,57.2,lying,healthy
T072,2024-07-20,38.86,68.7,31.89,8443,453.9,73.7,grazing,healthy
T072,2024-07-21,38.77,70.6,34.78,7916,466.5,66.8,walking,healthy
T072,2024-07-22,38.93,63.1,27.84,7223,500.4,71.0,standing,healthy
T072,2024-07-23,38.3,72.2,23.71,6466,471.6,69.2,grazing,healthy
T072,2024-07-24,38.72,77.4,35.21,3990,426.3,61.9,lying,healthy
T072,2024-07-25,38.52,65.7,37.15,7164,491.5,76.7,grazing,healthy
T072,2024-07-26,38.8,67.8,27.23,5874,433.1,78.6,walking,healthy
T072,2024-07-27,38.95,61.9,34.5,9329,472.0,68.1,standing,healthy
T072,2024-07-28,38.73,71.3,29.11,7336,447.7,63.4,standing,healthy
T072,2024-07-29,38.63,66.0,28.83,9637,443.4,70.5,grazing,healthy
T072,2024-07-30,38.56,67.3,34.81,7984,471.8,71.6,lying,healthy
T073,2024-07-01,39.78,72.1,28.54,5691,455.3,83.3,lying,at_risk
T073,2024-07-02,38.95,74.1,26.05,6605,333.6,82.5,standing,at_risk
T073,2024-07-03,38.66,79.3,22.03,6118,385.4,68.4,lying,at_risk
T073,2024-07-04,39.47,78.6,16.18,4599,366.0,78.8,lying,at_risk
T073,2024-07-05,38.87,75.9,20.06,3546,365.7,84.5,lying,at_risk
T073,2024-07-06,38.68,83.5,13.71,5544,414.8,78.9,lying,at_risk
T073,2024-07-07,39.14,74.4,27.07,4631,455.5,75.5,standing,at_risk
T073,2024-07-08,38.66,77.3,22.19,4853,341.5,84.8,walking,at_risk
T073,2024-07-09,39.62,74.9,24.26,3644,281.4,79.6,standing,at_risk
T073,2024-07-10,39.49,68.4,14.67,5371,412.2,89.9,walking,at_risk
T073,2024-07-11,39.52,69.5,27.93,5797,420.8,82.7,grazing,at_risk
T073,2024-07-12,39.39,74.0,17.68,2555,432.6,82.5,lying,at_risk
T073,2024-07-13,39.44,75.3,33.46,3906,366.1,80.4,walking,at_risk
T073,2024-07-14,39.51,68.8,25.6,3545,313.4,78.7,grazing,at_risk
T073,2024-07-15,39.3,72.8,23.87,5276,375.2,77.1,standing,at_risk
T073,2024-07-16,39.13,74.9,30.11,5671,421.7,78.8,lying,at_risk
T073,2024-07-17,39.4,72.1,38.97,5853,440.0,83.5,standing,at_risk
T073,2024-07-18,39.44,70.0,27.38,7860,431.6,88.3,walking,at_risk
T073,2024-07-19,39.14,75.7,25.86,4322,377.4,86.1,standing,at_risk
T073,2024-07-20,39.57,75.6,23.63,5091,388.6,72.1,lying,at_risk
T073,2024-07-21,39.61,75.1,34.37,5855,461.6,86.7,lying,at_risk
T073,2024-07-22,38.98,77.8,25.02,5016,440.7,57.5,lying,at_risk
T073,2024-07-23,39.32,74.6,25.6,5657,342.5,84.1,lying,at_risk
T073,2024-07-24,39.46,78.9,19.84,9430,390.5,86.3,standing,at_risk
T073,2024-07-25,39.47,72.4,20.06,2017,395.6,73.7,lying,at_risk
T073,2024-07-26,39.28,76.0,12.16,2739,360.7,82.9,lying,at_risk
T073,2024-07-27,39.32,63.2,21.82,5199,380.7,90.4,grazing,at_risk
T073,2024-07-28,38.91,73.1,20.94,2618,281.7,76.3,standing,at_risk
T073,2024-07-29,39.7,76.2,26.19,9204,413.2,75.0,standing,at_risk
T073,2024-07-30,39.08,76.6,23.62,3154,395.4,73.0,lying,at_risk
T074,2024-07-01,39.05,73.2,29.24,4000,405.6,90.9,grazing,at_risk
T074,2024-07-02,39.34,72.8,14.23,2633,324.3,77.2,grazing,at_risk
T074,2024-07-03,39.04,70.9,20.06,4708,402.9,75.5,standing,at_risk
T074,2024-07-04,39.26,71.0,23.16,3045,323.7,65.5,standing,at_risk
T074,2024-07-05,39.7,70.7,21.6,3214,299.5,91.2,lying,at_risk
T074,2024-07-06,39.28,80.1,32.28,6305,410.9,82.5,standing,at_risk
T074,2024-07-07,39.36,70.0,24.62,6039,277.2,69.8,lying,at_risk
T074,2024-07-08,39.35,79.1,25.2,4729,438.4,80.8,standing,at_risk
T074,2024-07-09,39.41,72.8,23.0,4065,449.5,77.8,standing,at_risk
T074,2024-07-10,38.88,74.6,25.37,3179,414.7,77.2,walking,at_risk
T074,2024-07-11,39.13,74.1,22.08,6564,366.5,84.9,lying,at_risk
T074,2024-07-12,39.19,73.4,16.16,3034,339.2,70.7,grazing,at_risk
T074,2024-07-13,39.58,71.1,23.83,3874,387.9,78.6,walking,at_risk
T074,2024-07-14,39.61,73.1,24.4,3027,356.2,74.0,standing,at_risk
T074,2024-07-15,39.14,80.4,23.45,7520,377.9,75.7,walking,at_risk
T074,2024-07-16,39.21,77.1,27.39,6270,353.1,76.5,standing,at_risk
T074,2024-07-17,39.07,67.0,28.05,6680,458.8,82.2,grazing,at_risk
T074,2024-07-18,39.39,73.0,31.28,3612,337.9,79.8,standing,at_risk
T074,2024-07-19,39.15,73.4,18.96,5844,289.5,85.0,walking,at_risk
T074,2024-07-20,39.35,76.4,12.91,5351,341.6,82.8,standing,at_risk
T074,2024-07-21,39.33,70.5,28.86,7022,322.9,77.3,grazing,at_risk
T074,2024-07-22,38.39,74.8,15.84,5595,353.8,70.6,standing,at_risk
T074,2024-07-23,39.29,73.0,14.4,9349,380.2,79.7,standing,at_risk
T074,2024-07-24,39.25,78.2,20.43,3863,464.3,77.3,standing,at_risk
T074,2024-07-25,39.74,75.3,28.97,4804,362.6,87.5,grazing,at_risk
T074,2024-07-26,39.58,68.2,20.62,8450,364.4,78.3,grazing,at_risk
T074,2024-07-27,39.28,76.9,28.42,7566,350.4,67.9,lying,at_risk
T074,2024-07-28,39.05,74.1,26.72,2896,211.3,80.5,lying,at_risk
T074,2024-07-29,39.04,77.8,22.33,4259,322.3,84.0,lying,at_risk
T074,2024-07-30,38.83,77.0,31.89,6371,264.2,75.4,lying,at_risk
T075,2024-07-01,39.05,71.3,24.59,4994,354.9,71.1,standing,at_risk
T075,2024-07-02,39.22,74.7,18.62,5116,265.3,65.0,lying,at_risk
T075,2024-07-03,39.15,76.5,32.9,233,347.8,55.2,lying,at_risk
T075,2024-07-04,39.25,85.0,26.34,6857,405.7,68.1,lying,at_risk
T075,2024-07-05,38.75,66.0,36.45,5693,388.3,80.6,grazing,at_risk
T075,2024-07-06,39.46,75.2,27.11,5617,357.7,67.2,lying,at_risk
T075,2024-07-07,39.17,69.3,32.5,4734,384.6,69.5,lying,at_risk
T075,2024-07-08,38.85,74.8,24.58,6508,339.8,59.0,lying,at_risk
T075,2024-07-09,39.42,77.7,18.24,5540,316.6,95.3,lying,at_risk
T075,2024-07-10,39.72,70.8,27.99,3771,544.2,79.4,walking,at_risk
T075,2024-07-11,39.11,71.3,30.11,4614,399.9,98.4,standing,at_risk
T075,2024-07-12,39.18,76.1,33.67,5267,344.6,66.9,grazing,at_risk
T075,2024-07-13,39.28,72.9,29.77,2299,377.0,87.3,lying,at_risk
T075,2024-07-14,39.13,76.2,25.72,514,405.2,68.8,standing,at_risk
T075,2024-07-15,39.55,74.7,29.18,4376,394.3,81.9,standing,at_risk
T075,2024-07-16,39.3,74.1,19.7,3551,337.3,89.9,grazing,at_risk
T075,2024-07-17,39.4,73.6,26.81,3088,326.2,78.6,standing,at_risk
T075,2024-07-18,39.07,77.4,31.56,3948,423.1,94.5,lying,at_risk
T075,2024-07-19,39.47,72.3,27.84,3858,257.9,72.3,standing,at_risk
T075,2024-07-20,39.13,73.6,13.92,6363,400.1,81.2,lying,at_risk
T075,2024-07-21,38.94,77.9,27.88,4264,370.1,80.8,standing,at_risk
T075,2024-07-22,39.14,76.5,27.73,3615,321.2,63.5,lying,at_risk
T075,2024-07-23,39.08,75.1,28.82,3772,359.0,70.9,standing,at_risk
T075,2024-07-24,39.71,72.4,31.78,5827,339.4,75.9,lying,at_risk
T075,2024-07-25,39.5,79.6,29.53,5405,322.5,85.5,standing,at_risk
T075,2024-07-26,39.04,76.9,30.13,6439,306.8,74.1,standing,at_risk
T075,2024-07-27,39.63,74.6,21.87,7251,235.3,72.0,lying,at_risk
T075,2024-07-28,39.14,79.7,11.74,5376,381.8,70.4,grazing,at_risk
T075,2024-07-29,39.37,75.5,28.26,5293,222.6,67.0,lying,at_risk
T075,2024-07-30,39.32,74.8,24.49,6363,284.1,69.6,walking,at_risk
T076,2024-07-01,39.38,71.0,27.16,7038,375.6,85.9,standing,at_risk
T076,2024-07-02,39.37,77.2,23.95,6655,402.7,83.6,walking,at_risk
T076,2024-07-03,39.42,70.9,27.12,5252,334.8,77.0,lying,at_risk
T076,2024-07-04,39.26,70.2,26.34,8704,415.3,73.6,standing,at_risk
T076,2024-07-05,39.29,73.7,25.39,4332,433.9,76.4,lying,at_risk
T076,2024-07-06,39.44,75.3,23.4,3835,339.9,69.1,lying,at_risk
T076,2024-07-07,38.73,76.2,25.94,5231,381.9,80.6,lying,at_risk
T076,2024-07-08,39.22,73.4,29.41,7481,416.5,76.7,standing,at_risk
T076,2024-07-09,39.61,71.3,21.98,7083,348.1,73.9,lying,at_risk
T076,2024-07-10,39.54,79.2,36.24,4839,362.8,93.9,lying,at_risk
T076,2024-07-11,39.67,76.6,26.86,6738,444.4,67.7,lying,at_risk
T076,2024-07-12,38.96,80.3,27.03,3761,447.0,83.8,lying,at_risk
T076,2024-07-13,39.33,69.9,25.32,7614,401.2,94.2,standing,at_risk
T076,2024-07-14,38.98,74.4,27.64,4419,491.6,78.7,lying,at_risk
T076,2024-07-15,39.23,79.5,33.66,8380,489.3,66.9,grazing,at_risk
T076,2024-07-16,39.38,72.9,32.35,3392,421.5,87.0,lying,at_risk
T076,2024-07-17,39.99,74.0,38.36,7790,375.1,62.7,standing,at_risk
T076,2024-07-18,39.83,70.5,39.25,7216,426.6,71.3,standing,at_risk
T076,2024-07-19,39.71,69.7,26.06,5380,372.0,85.9,standing,at_risk
T076,2024-07-20,39.38,73.2,30.53,4623,448.6,74.0,standing,at_risk
T076,2024-07-21,40.01,73.7,33.73,8065,449.0,78.6,standing,at_risk
T076,2024-07-22,39.01,76.6,26.62,3519,327.4,83.8,standing,at_risk
T076,2024-07-23,39.59,74.5,33.59,6564,328.7,72.3,lying,at_risk
T076,2024-07-24,39.36,78.8,25.71,3987,429.1,80.8,grazing,at_risk
T076,2024-07-25,38.94,73.9,24.38,4585,404.3,74.3,lying,at_risk
T076,2024-07-26,39.08,79.2,28.45,7635,404.3,77.3,grazing,at_risk
T076,2024-07-27,39.37,71.9,21.14,5495,377.5,84.2,walking,at_risk
T076,2024-07-28,39.71,79.9,24.43,4603,448.1,75.0,lying,at_risk
T076,2024-07-29,39.31,79.5,30.63,4966,455.7,82.3,lying,at_risk
T076,2024-07-30,38.98,72.6,27.96,4409,446.2,74.6,walking,at_risk
T077,2024-07-01,39.42,68.5,28.09,5193,440.9,72.0,walking,at_risk
T077,2024-07-02,39.58,71.6,16.7,4874,388.8,76.0,lying,at_risk
T077,2024-07-03,39.43,74.2,27.59,7046,382.0,61.5,lying,at_risk
T077,2024-07-04,39.59,70.7,17.95,6390,440.5,67.6,standing,at_risk
T077,2024-07-05,38.98,75.0,26.24,3998,411.8,78.9,grazing,at_risk
T077,2024-07-06,39.14,72.2,18.71,6594,410.0,75.8,grazing,at_risk
T077,2024-07-07,39.66,70.8,24.71,6378,470.9,71.3,lying,at_risk
T077,2024-07-08,39.49,74.4,24.72,4586,450.4,76.7,walking,at_risk
T077,2024-07-09,38.81,70.0,22.75,6919,429.7,75.3,lying,at_risk
T077,2024-07-10,39.99,73.1,29.4,4883,361.4,79.4,lying,at_risk
T077,2024-07-11,39.68,76.2,20.77,4855,442.7,70.7,walking,at_risk
T077,2024-07-12,39.59,74.2,24.49,5170,293.9,59.4,standing,at_risk
T077,2024-07-13,39.6,74.2,30.89,4501,314.1,80.6,grazing,at_risk
T077,2024-07-14,38.79,73.6,33.55,5429,441.5,66.6,grazing,at_risk
T077,2024-07-15,38.89,75.3,24.32,5894,417.0,73.5,walking,at_risk
T077,2024-07-16,38.97,67.2,17.66,8993,452.5,71.7,walking,at_risk
T077,2024-07-17,39.49,67.8,30.46,4452,310.6,64.6,grazing,at_risk
T077,2024-07-18,39.43,76.7,28.02,5665,360.9,67.2,lying,at_risk
T077,2024-07-19,39.2,75.4,33.16,4639,444.0,76.1,lying,at_risk
T077,2024-07-20,39.32,76.8,26.48,8412,411.4,63.8,lying,at_risk
T077,2024-07-21,39.12,74.1,40.87,4000,406.4,72.6,lying,at_risk
T077,2024-07-22,39.46,75.4,34.2,7027,384.3,85.0,standing,at_risk
T077,2024-07-23,40.14,73.4,31.63,7671,374.5,87.4,standing,at_risk
T077,2024-07-24,39.71,72.8,29.1,4485,330.9,66.3,lying,at_risk
T077,2024-07-25,39.45,76.9,27.34,7864,437.0,86.6,standing,at_risk
T077,2024-07-26,39.69,66.2,31.93,7509,246.4,72.5,standing,at_risk
T077,2024-07-27,38.98,75.7,25.58,4181,377.3,68.0,standing,at_risk
T077,2024-07-28,39.17,73.7,23.8,6407,444.6,65.0,standing,at_risk
T077,2024-07-29,39.39,73.8,33.59,5128,425.4,84.8,walking,at_risk
T077,2024-07-30,39.02,79.5,30.94,5714,404.1,75.7,standing,at_risk
T078,2024-07-01,39.78,72.0,19.24,5147,356.6,70.3,standing,at_risk
T078,2024-07-02,39.61,79.7,15.99,3168,296.5,76.3,walking,at_risk
T078,2024-07-03,39.38,72.2,24.24,4627,389.3,82.4,standing,at_risk
T078,2024-07-04,38.76,80.1,23.33,2336,362.4,78.2,standing,at_risk
T078,2024-07-05,39.1,74.6,32.98,5069,349.5,98.5,standing,at_risk
T078,2024-07-06,38.66,78.9,22.58,6479,356.8,78.9,standing,at_risk
T078,2024-07-07,39.7,74.7,32.38,7238,333.0,86.7,lying,at_risk
T078,2024-07-08,39.61,70.5,28.67,4586,455.6,80.6,lying,at_risk
T078,2024-07-09,39.82,73.9,22.41,5306,332.4,71.1,lying,at_risk
T078,2024-07-10,39.17,76.8,30.68,3872,536.4,86.7,grazing,at_risk
T078,2024-07-11,39.87,73.6,24.52,534,367.3,83.3,grazing,at_risk
T078,2024-07-12,39.0,79.6,26.65,3985,324.2,87.7,lying,at_risk
T078,2024-07-13,39.34,76.7,20.07,4004,331.9,56.0,lying,at_risk
T078,2024-07-14,39.34,77.2,20.38,6726,433.4,80.3,lying,at_risk
T078,2024-07-15,39.18,70.5,24.92,4693,329.6,65.8,standing,at_risk
T078,2024-07-16,39.21,73.2,30.36,6640,325.6,88.4,standing,at_risk
T078,2024-07-17,39.53,76.1,25.05,2679,355.5,72.4,lying,at_risk
T078,2024-07-18,38.83,74.7,37.43,3316,355.3,74.9,lying,at_risk
T078,2024-07-19,38.79,76.5,24.34,4642,344.6,74.0,lying,at_risk
T078,2024-07-20,39.11,65.4,15.74,4891,452.8,102.4,standing,at_risk
T078,2024-07-21,39.32,78.4,27.48,4161,342.2,88.5,standing,at_risk
T078,2024-07-22,39.54,75.0,20.17,1826,400.3,79.2,grazing,at_risk
T078,2024-07-23,39.19,79.2,30.41,4494,308.2,79.3,lying,at_risk
T078,2024-07-24,38.99,74.1,22.6,4841,453.6,73.3,lying,at_risk
T078,2024-07-25,39.14,77.4,20.85,5524,389.7,79.3,grazing,at_risk
T078,2024-07-26,38.27,76.1,14.44,3475,270.1,90.1,standing,at_risk
T078,2024-07-27,39.02,71.6,26.77,5899,341.7,71.9,lying,at_risk
T078,2024-07-28,39.56,73.8,15.6,5147,391.7,90.1,standing,at_risk
T078,2024-07-29,39.52,74.5,26.87,6098,352.7,74.8,lying,at_risk
T078,2024-07-30,39.05,78.5,27.87,6031,401.9,69.8,standing,at_risk
T079,2024-07-01,39.03,71.3,25.02,7900,392.8,82.4,standing,at_risk
T079,2024-07-02,39.13,75.9,29.96,7330,344.6,90.6,lying,at_risk
T079,2024-07-03,38.92,77.5,23.16,3659,400.0,81.1,lying,at_risk
T079,2024-07-04,39.44,73.3,30.11,4187,374.4,77.3,standing,at_risk
T079,2024-07-05,39.82,68.9,21.92,5674,448.2,67.0,grazing,at_risk
T079,2024-07-06,39.5,76.3,13.97,6008,393.2,71.3,lying,at_risk
T079,2024-07-07,39.43,69.7,15.71,6338,466.1,74.5,lying,at_risk
T079,2024-07-08,39.42,71.4,18.17,4926,397.8,81.5,lying,at_risk
T079,2024-07-09,38.52,75.2,26.75,5002,306.1,83.3,standing,at_risk
T079,2024-07-10,39.21,81.4,23.61,4516,397.6,77.6,standing,at_risk
T079,2024-07-11,39.24,73.3,25.1,7145,318.9,79.1,grazing,at_risk
T079,2024-07-12,39.71,74.8,21.83,7358,375.0,71.2,grazing,at_risk
T079,2024-07-13,39.39,71.2,18.38,5652,315.6,76.9,lying,at_risk
T079,2024-07-14,39.31,76.6,25.16,4369,488.4,81.7,grazing,at_risk
T079,2024-07-15,39.04,82.5,22.37,7296,440.4,67.2,grazing,at_risk
T079,2024-07-16,39.32,70.4,27.08,6442,380.7,77.2,standing,at_risk
T079,2024-07-17,39.51,78.2,32.81,7716,435.2,71.0,standing,at_risk
T079,2024-07-18,39.11,77.9,25.54,6696,420.8,88.8,standing,at_risk
T079,2024-07-19,39.49,71.6,17.63,6420,453.0,82.9,lying,at_risk
T079,2024-07-20,39.24,73.5,24.81,6963,371.3,85.4,standing,at_risk
T079,2024-07-21,39.23,73.5,32.84,5743,509.3,81.9,standing,at_risk
T079,2024-07-22,39.17,71.2,21.38,5180,419.8,81.5,walking,at_risk
T079,2024-07-23,39.18,75.4,19.92,5902,456.3,78.3,lying,at_risk
T079,2024-07-24,39.85,73.8,20.03,6074,375.9,75.3,lying,at_risk
T079,2024-07-25,38.66,73.6,31.34,5960,324.6,69.5,walking,at_risk
T079,2024-07-26,39.73,77.2,14.78,4490,410.8,77.7,lying,at_risk
T079,2024-07-27,39.37,68.7,23.54,6124,410.5,90.9,standing,at_risk
T079,2024-07-28,38.71,70.1,28.91,4973,418.5,79.3,standing,at_risk
T079,2024-07-29,38.81,71.3,27.13,6582,476.6,82.0,lying,at_risk
T079,2024-07-30,39.39,74.1,20.49,6070,319.4,98.6,lying,at_risk
T080,2024-07-01,38.83,65.1,21.74,3536,457.0,94.3,lying,at_risk
T080,2024-07-02,38.79,70.2,20.68,6168,380.3,79.0,standing,at_risk
T080,2024-07-03,39.41,69.7,25.55,4691,406.8,78.0,standing,at_risk
T080,2024-07-04,39.16,77.8,32.87,7517,355.5,75.3,lying,at_risk
T080,2024-07-05,39.86,72.8,24.01,5959,469.6,66.3,standing,at_risk
T080,2024-07-06,39.31,71.0,19.24,5839,426.3,80.4,standing,at_risk
T080,2024-07-07,39.0,74.7,33.41,5210,424.4,68.3,lying,at_risk
T080,2024-07-08,39.22,68.4,28.86,6395,361.2,87.3,walking,at_risk
T080,2024-07-09,39.4,71.1,37.0,4519,339.0,84.2,grazing,at_risk
T080,2024-07-10,38.86,75.3,36.5,7773,337.6,92.5,walking,at_risk
T080,2024-07-11,39.31,74.7,32.29,7460,392.8,67.6,lying,at_risk
T080,2024-07-12,39.24,73.0,27.9,4257,359.2,64.1,standing,at_risk
T080,2024-07-13,39.26,77.6,26.68,6672,381.7,79.5,grazing,at_risk
T080,2024-07-14,38.98,79.8,21.45,5014,332.4,71.0,standing,at_risk
T080,2024-07-15,39.1,74.0,28.25,5449,331.6,68.6,lying,at_risk
T080,2024-07-16,39.59,74.9,27.62,5371,423.6,87.3,standing,at_risk
T080,2024-07-17,39.21,72.9,27.44,7303,382.0,79.6,lying,at_risk
T080,2024-07-18,38.95,75.9,25.67,5134,466.7,85.1,walking,at_risk
T080,2024-07-19,38.92,74.9,31.87,4476,405.2,86.7,standing,at_risk
T080,2024-07-20,39.17,76.1,21.52,8669,395.5,76.4,walking,at_risk
T080,2024-07-21,38.93,76.3,21.49,3304,364.7,88.7,standing,at_risk
T080,2024-07-22,39.19,66.3,23.54,5014,405.6,75.6,standing,at_risk
T080,2024-07-23,39.22,70.3,24.18,5396,315.6,73.1,lying,at_risk
T080,2024-07-24,39.38,73.4,24.62,7149,356.3,81.8,lying,at_risk
T080,2024-07-25,39.2,75.6,18.55,5710,442.6,93.9,lying,at_risk
T080,2024-07-26,39.2,72.5,18.79,6365,349.3,72.7,lying,at_risk
T080,2024-07-27,39.52,75.2,28.94,5334,351.6,91.5,standing,at_risk
T080,2024-07-28,38.86,69.7,28.94,4933,337.4,70.1,lying,at_risk
T080,2024-07-29,38.6,68.8,33.58,5744,408.2,84.1,standing,at_risk
T080,2024-07-30,39.1,74.8,27.26,7672,459.7,91.8,walking,at_risk
T081,2024-07-01,39.0,75.1,24.72,5650,502.8,84.5,lying,at_risk
T081,2024-07-02,39.25,71.4,21.15,5229,514.3,87.5,standing,at_risk
T081,2024-07-03,39.57,74.2,21.58,5954,350.4,94.5,standing,at_risk
T081,2024-07-04,39.64,77.7,27.73,3183,420.9,80.6,standing,at_risk
T081,2024-07-05,39.29,71.7,22.76,4303,484.7,61.8,standing,at_risk
T081,2024-07-06,39.44,72.7,15.35,6088,308.6,82.8,standing,at_risk
T081,2024-07-07,39.57,78.3,25.82,8261,449.3,82.6,lying,at_risk
T081,2024-07-08,39.0,73.0,26.2,7707,513.0,85.8,standing,at_risk
T081,2024-07-09,39.14,68.7,25.84,5708,424.6,74.9,lying,at_risk
T081,2024-07-10,39.32,74.9,34.98,4523,421.3,62.4,grazing,at_risk
T081,2024-07-11,39.32,75.5,28.92,4920,435.5,74.8,lying,at_risk
T081,2024-07-12,39.44,79.0,26.42,5101,336.7,68.3,walking,at_risk
T081,2024-07-13,39.35,70.6,21.53,2085,475.9,59.3,standing,at_risk
T081,2024-07-14,39.16,75.1,15.91,4298,457.2,76.3,standing,at_risk
T081,2024-07-15,38.83,74.6,35.68,2334,406.5,74.7,grazing,at_risk
T081,2024-07-16,39.52,72.2,26.9,5972,454.6,88.6,lying,at_risk
T081,2024-07-17,39.6,77.2,32.2,5835,482.3,80.2,standing,at_risk
T081,2024-07-18,39.17,78.8,20.83,4620,405.3,78.7,grazing,at_risk
T081,2024-07-19,39.07,75.4,41.64,3511,366.0,66.1,standing,at_risk
T081,2024-07-20,39.17,76.0,26.96,5456,438.8,79.8,walking,at_risk
T081,2024-07-21,39.02,77.1,31.22,5633,400.3,71.0,walking,at_risk
T081,2024-07-22,39.12,75.9,23.42,6829,470.5,72.8,walking,at_risk
T081,2024-07-23,39.19,72.5,19.2,4550,532.5,74.1,standing,at_risk
T081,2024-07-24,39.14,74.6,20.07,5480,371.2,73.6,standing,at_risk
T081,2024-07-25,39.62,72.1,25.54,7204,400.8,76.5,grazing,at_risk
T081,2024-07-26,39.77,75.7,29.6,5481,474.2,82.4,lying,at_risk
T081,2024-07-27,39.8,68.4,27.74,2638,384.9,74.3,grazing,at_risk
T081,2024-07-28,39.01,78.9,21.57,4776,346.3,88.7,standing,at_risk
T081,2024-07-29,39.71,77.9,24.82,4523,416.0,77.6,lying,at_risk
T081,2024-07-30,39.31,80.4,15.63,3478,431.2,68.6,standing,at_risk
T082,2024-07-01,39.14,74.5,33.96,9203,408.7,81.0,grazing,at_risk
T082,2024-07-02,39.44,76.3,27.96,7886,342.6,86.3,lying,at_risk
T082,2024-07-03,39.47,74.9,24.62,7547,350.0,77.6,standing,at_risk
T082,2024-07-04,39.05,73.8,30.47,5453,467.7,86.9,standing,at_risk
T082,2024-07-05,39.37,74.5,32.97,6081,395.1,84.4,lying,at_risk
T082,2024-07-06,39.23,72.2,20.32,6800,295.2,78.5,grazing,at_risk
T082,2024-07-07,39.33,74.2,29.5,5117,311.4,83.7,walking,at_risk
T082,2024-07-08,39.31,70.9,24.57,6731,322.4,75.0,walking,at_risk
T082,2024-07-09,39.37,75.4,24.94,4202,492.4,74.4,lying,at_risk
T082,2024-07-10,38.72,76.6,36.54,5728,378.6,76.1,walking,at_risk
T082,2024-07-11,39.17,70.4,20.9,7487,377.1,80.4,standing,at_risk
T082,2024-07-12,38.95,72.3,28.27,6735,356.5,84.7,grazing,at_risk
T082,2024-07-13,39.25,76.5,32.2,7204,356.4,83.6,lying,at_risk
T082,2024-07-14,39.43,75.6,34.15,5505,337.8,71.3,lying,at_risk
T082,2024-07-15,39.66,64.4,17.26,6798,397.5,73.6,lying,at_risk
T082,2024-07-16,39.99,74.3,29.62,6788,370.3,80.9,grazing,at_risk
T082,2024-07-17,38.76,81.7,34.77,4080,353.9,76.8,standing,at_risk
T082,2024-07-18,39.08,68.5,18.33,6682,324.7,77.6,standing,at_risk
T082,2024-07-19,39.34,71.9,24.04,6937,393.9,83.1,standing,at_risk
T082,2024-07-20,39.45,73.6,31.35,2432,428.0,65.0,grazing,at_risk
T082,2024-07-21,39.28,65.0,25.75,8692,371.8,76.2,grazing,at_risk
T082,2024-07-22,38.92,74.3,28.07,5917,475.4,89.4,lying,at_risk
T082,2024-07-23,39.12,79.9,23.82,6538,407.7,74.6,grazing,at_risk
T082,2024-07-24,39.17,74.1,29.29,6654,458.4,66.5,lying,at_risk
T082,2024-07-25,39.62,73.7,25.96,5247,364.3,78.3,lying,at_risk
T082,2024-07-26,39.05,74.5,25.02,7742,362.9,75.9,standing,at_risk
T082,2024-07-27,39.95,75.1,23.59,7232,312.2,69.9,lying,at_risk
T082,2024-07-28,38.81,69.0,13.61,5462,364.3,88.9,standing,at_risk
T082,2024-07-29,39.48,75.4,38.06,4728,373.5,73.1,standing,at_risk
T082,2024-07-30,39.35,72.8,34.03,4711,376.9,92.9,standing,at_risk
T083,2024-07-01,39.42,70.4,28.55,3815,384.2,91.6,lying,at_risk
T083,2024-07-02,39.67,73.8,23.33,6179,362.8,79.4,lying,at_risk
T083,2024-07-03,39.07,74.7,32.13,5514,334.1,89.0,grazing,at_risk
T083,2024-07-04,39.72,75.4,33.36,5402,398.1,79.3,standing,at_risk
T083,2024-07-05,39.16,73.4,34.53,7364,456.4,69.6,standing,at_risk
T083,2024-07-06,39.18,75.4,35.74,6924,361.8,79.6,lying,at_risk
T083,2024-07-07,39.33,75.0,29.29,5264,470.0,81.4,lying,at_risk
T083,2024-07-08,39.3,74.7,26.33,5600,387.1,78.2,standing,at_risk
T083,2024-07-09,39.7,76.1,30.29,4742,423.4,71.4,lying,at_risk
T083,2024-07-10,39.41,75.9,31.97,7796,337.4,95.6,lying,at_risk
T083,2024-07-11,39.69,77.9,29.47,7008,401.1,68.9,grazing,at_risk
T083,2024-07-12,39.51,78.1,34.23,3550,369.7,87.9,grazing,at_risk
T083,2024-07-13,39.57,79.1,27.14,6186,418.4,83.3,grazing,at_risk
T083,2024-07-14,39.0,73.4,29.68,5406,374.2,92.8,lying,at_risk
T083,2024-07-15,38.94,75.6,27.18,5522,428.3,92.6,lying,at_risk
T083,2024-07-16,39.25,69.4,18.54,3989,355.4,93.8,lying,at_risk
T083,2024-07-17,39.29,72.0,35.45,7991,384.8,74.9,lying,at_risk
T083,2024-07-18,40.1,74.5,33.18,6735,476.2,77.7,lying,at_risk
T083,2024-07-19,39.3,73.0,36.02,5050,467.7,89.9,standing,at_risk
T083,2024-07-20,39.4,74.2,23.33,7962,397.4,92.1,grazing,at_risk
T083,2024-07-21,39.68,74.4,29.75,3952,394.4,89.1,lying,at_risk
T083,2024-07-22,38.88,78.9,33.26,8283,364.9,77.0,standing,at_risk
T083,2024-07-23,39.36,71.8,32.25,7091,387.2,67.7,standing,at_risk
T083,2024-07-24,39.54,73.5,32.72,4204,507.2,68.1,lying,at_risk
T083,2024-07-25,39.25,70.6,33.64,6511,409.3,84.8,standing,at_risk
T083,2024-07-26,39.29,71.0,18.79,7571,381.4,84.5,lying,at_risk
T083,2024-07-27,39.33,66.9,30.15,6798,322.9,85.4,lying,at_risk
T083,2024-07-28,39.39,64.8,30.47,5276,459.9,83.8,lying,at_risk
T083,2024-07-29,39.29,80.0,36.23,4369,446.9,81.7,standing,at_risk
T083,2024-07-30,39.22,71.9,27.48,9033,406.0,75.1,grazing,at_risk
T084,2024-07-01,39.15,74.3,14.19,5420,294.1,69.6,standing,at_risk
T084,2024-07-02,38.89,71.7,30.58,3787,386.3,86.0,standing,at_risk
T084,2024-07-03,39.29,72.8,27.72,5680,423.7,66.7,walking,at_risk
T084,2024-07-04,39.83,71.4,36.35,4301,360.4,101.1,lying,at_risk
T084,2024-07-05,38.9,73.0,45.08,3040,361.9,68.0,standing,at_risk
T084,2024-07-06,38.62,75.2,19.57,5304,316.3,89.1,standing,at_risk
T084,2024-07-07,39.14,74.6,27.84,6547,447.1,72.8,grazing,at_risk
T084,2024-07-08,38.82,67.9,32.35,5209,331.9,85.9,standing,at_risk
T084,2024-07-09,38.96,71.0,31.86,3624,372.2,72.1,lying,at_risk
T084,2024-07-10,39.09,73.4,30.61,6877,377.5,74.2,standing,at_risk
T084,2024-07-11,39.42,83.1,17.18,5093,406.1,74.4,grazing,at_risk
T084,2024-07-12,39.46,77.3,20.12,7298,411.0,82.3,lying,at_risk
T084,2024-07-13,38.88,74.2,18.03,3763,404.6,71.4,grazing,at_risk
T084,2024-07-14,39.32,72.4,30.12,5096,432.9,84.9,standing,at_risk
T084,2024-07-15,39.56,75.1,36.51,6761,359.3,89.7,standing,at_risk
T084,2024-07-16,39.37,75.6,21.69,5842,487.0,84.7,walking,at_risk
T084,2024-07-17,38.88,73.4,28.44,6439,417.3,80.7,grazing,at_risk
T084,2024-07-18,38.67,76.2,35.47,2299,432.3,77.7,lying,at_risk
T084,2024-07-19,39.3,75.2,31.1,6608,369.0,87.6,standing,at_risk
T084,2024-07-20,39.19,78.3,30.71,4408,339.5,84.6,walking,at_risk
T084,2024-07-21,39.46,71.7,37.68,5267,308.5,69.8,walking,at_risk
T084,2024-07-22,38.93,80.8,23.09,5854,402.7,79.4,standing,at_risk
T084,2024-07-23,39.04,79.9,21.8,6275,405.1,79.1,standing,at_risk
T084,2024-07-24,39.5,80.6,39.09,7097,366.9,79.3,grazing,at_risk
T084,2024-07-25,39.07,75.4,35.93,4706,316.4,66.4,lying,at_risk
T084,2024-07-26,38.81,76.9,18.6,4687,366.3,81.4,grazing,at_risk
T084,2024-07-27,39.04,75.0,22.2,5127,455.6,82.8,grazing,at_risk
T084,2024-07-28,39.42,78.0,40.9,4263,357.4,79.8,grazing,at_risk
T084,2024-07-29,39.52,73.9,29.65,5887,271.8,66.6,standing,at_risk
T084,2024-07-30,39.36,70.3,8.57,7564,384.4,69.3,lying,at_risk
T085,2024-07-01,39.07,76.5,37.44,4951,352.5,77.4,grazing,at_risk
T085,2024-07-02,39.59,77.2,37.02,4217,394.1,77.3,standing,at_risk
T085,2024-07-03,39.47,79.4,34.53,1948,393.2,87.8,standing,at_risk
T085,2024-07-04,40.18,73.5,25.98,5303,418.8,78.0,lying,at_risk
T085,2024-07-05,39.6,76.6,21.7,4569,408.9,80.3,grazing,at_risk
T085,2024-07-06,39.04,71.0,31.73,2095,329.3,79.3,lying,at_risk
T085,2024-07-07,39.47,74.8,25.74,5164,396.5,85.9,walking,at_risk
T085,2024-07-08,39.4,74.8,25.89,4754,404.9,82.5,walking,at_risk
T085,2024-07-09,39.9,75.0,31.9,4023,441.1,72.9,lying,at_risk
T085,2024-07-10,38.87,76.0,20.92,6800,370.4,76.6,lying,at_risk
T085,2024-07-11,39.24,74.4,27.78,3083,443.2,79.0,lying,at_risk
T085,2024-07-12,39.48,76.5,28.58,3671,304.0,73.6,grazing,at_risk
T085,2024-07-13,39.17,78.6,18.05,6558,426.4,71.4,lying,at_risk
T085,2024-07-14,39.03,73.7,33.29,4371,435.0,70.6,walking,at_risk
T085,2024-07-15,39.52,70.6,25.77,3876,316.2,74.5,lying,at_risk
T085,2024-07-16,39.34,77.2,33.49,3862,420.7,81.0,lying,at_risk
T085,2024-07-17,39.35,79.1,30.13,6734,341.8,73.3,lying,at_risk
T085,2024-07-18,39.44,75.0,28.05,7866,359.7,63.1,lying,at_risk
T085,2024-07-19,38.96,74.0,35.7,5753,430.9,76.2,lying,at_risk
T085,2024-07-20,39.26,78.6,25.37,6369,399.5,79.4,walking,at_risk
T085,2024-07-21,39.84,73.6,21.86,7907,419.7,68.4,standing,at_risk
T085,2024-07-22,38.96,73.1,36.79,8686,417.8,74.0,walking,at_risk
T085,2024-07-23,39.36,80.6,30.25,3519,307.4,77.3,lying,at_risk
T085,2024-07-24,39.31,74.1,18.0,5736,433.9,86.7,grazing,at_risk
T085,2024-07-25,39.86,77.2,22.39,5427,396.5,65.3,lying,at_risk
T085,2024-07-26,39.43,77.4,30.43,4874,390.3,79.7,standing,at_risk
T085,2024-07-27,39.21,69.8,31.11,5661,384.8,73.3,standing,at_risk
T085,2024-07-28,39.25,81.8,26.76,6686,338.5,74.5,lying,at_risk
T085,2024-07-29,39.48,71.9,28.54,3782,375.6,92.9,standing,at_risk
T085,2024-07-30,38.76,76.4,20.1,3862,388.4,89.6,grazing,at_risk
T086,2024-07-01,38.99,70.5,25.54,6107,422.8,85.0,walking,at_risk
T086,2024-07-02,39.23,71.3,26.59,5477,344.3,83.4,lying,at_risk
T086,2024-07-03,38.94,65.1,18.13,4260,435.0,81.5,grazing,at_risk
T086,2024-07-04,39.12,72.8,22.92,3220,374.9,83.3,standing,at_risk
T086,2024-07-05,38.99,69.7,27.5,5995,402.4,78.2,standing,at_risk
T086,2024-07-06,38.97,76.4,30.92,6931,430.9,59.3,lying,at_risk
T086,2024-07-07,38.83,71.4,26.92,3341,339.3,69.2,standing,at_risk
T086,2024-07-08,39.44,67.8,32.49,9016,443.5,68.0,walking,at_risk
T086,2024-07-09,38.82,73.2,21.36,4945,319.6,75.0,lying,at_risk
T086,2024-07-10,39.24,71.0,25.76,4909,399.2,82.5,standing,at_risk
T086,2024-07-11,39.34,79.6,11.58,4324,365.0,79.6,lying,at_risk
T086,2024-07-12,39.36,71.5,31.28,6817,447.8,82.0,grazing,at_risk
T086,2024-07-13,39.04,76.3,13.16,7892,269.9,67.3,grazing,at_risk
T086,2024-07-14,39.31,72.7,25.47,6970,457.9,73.4,lying,at_risk
T086,2024-07-15,38.81,73.0,22.09,4986,328.5,68.9,lying,at_risk
T086,2024-07-16,39.05,74.9,22.19,7956,425.0,72.3,grazing,at_risk
T086,2024-07-17,38.95,73.9,21.79,6944,479.1,77.5,grazing,at_risk
T086,2024-07-18,39.09,85.0,19.88,3934,368.1,87.2,standing,at_risk
T086,2024-07-19,39.0,70.8,37.01,4857,322.4,75.2,lying,at_risk
T086,2024-07-20,39.27,79.8,21.97,6257,388.0,80.5,walking,at_risk
T086,2024-07-21,39.27,70.9,22.78,7595,458.1,66.8,standing,at_risk
T086,2024-07-22,39.19,70.3,27.26,6994,413.5,72.3,standing,at_risk
T086,2024-07-23,39.44,66.7,29.86,3267,441.5,70.9,lying,at_risk
T086,2024-07-24,38.85,72.5,21.01,8751,355.1,68.3,standing,at_risk
T086,2024-07-25,39.05,70.6,27.83,7811,372.7,77.0,lying,at_risk
T086,2024-07-26,39.5,77.5,31.43,6963,344.6,78.1,lying,at_risk
T086,2024-07-27,39.35,78.0,31.56,5642,344.3,77.5,lying,at_risk
T086,2024-07-28,39.31,76.6,27.39,4306,430.7,69.6,standing,at_risk
T086,2024-07-29,38.68,77.6,27.25,4403,414.7,71.2,lying,at_risk
T086,2024-07-30,39.06,74.7,24.61,4491,436.5,70.8,lying,at_risk
T087,2024-07-01,39.27,71.6,18.31,6138,317.7,77.4,lying,at_risk
T087,2024-07-02,40.02,74.6,31.72,5724,393.3,64.0,lying,at_risk
T087,2024-07-03,39.12,77.4,20.72,7604,364.3,67.8,standing,at_risk
T087,2024-07-04,39.56,72.8,34.29,9333,407.4,67.1,lying,at_risk
T087,2024-07-05,39.1,71.6,23.36,5912,363.4,79.1,lying,at_risk
T087,2024-07-06,39.37,69.8,31.05,7581,265.4,90.2,grazing,at_risk
T087,2024-07-07,39.6,71.8,33.1,7637,421.2,84.0,grazing,at_risk
T087,2024-07-08,39.56,71.7,32.73,5953,351.1,76.1,lying,at_risk
T087,2024-07-09,39.44,71.7,27.14,4955,421.9,66.8,standing,at_risk
T087,2024-07-10,39.42,80.1,29.09,5740,354.0,76.6,grazing,at_risk
T087,2024-07-11,39.62,74.0,29.82,7551,348.2,73.7,walking,at_risk
T087,2024-07-12,39.19,69.2,26.77,8091,423.8,74.6,standing,at_risk
T087,2024-07-13,39.2,78.7,25.07,7593,444.7,71.8,standing,at_risk
T087,2024-07-14,39.12,71.4,27.59,7340,416.1,70.9,grazing,at_risk
T087,2024-07-15,39.44,76.9,31.13,3211,404.1,91.4,lying,at_risk
T087,2024-07-16,38.49,74.4,29.47,6894,308.0,71.2,lying,at_risk
T087,2024-07-17,39.52,74.5,33.24,5580,367.5,100.2,standing,at_risk
T087,2024-07-18,39.71,71.8,29.47,6385,324.6,81.0,lying,at_risk
T087,2024-07-19,39.13,78.9,25.51,8836,381.8,98.3,walking,at_risk
T087,2024-07-20,39.43,79.5,36.48,7929,287.8,75.7,lying,at_risk
T087,2024-07-21,39.18,74.2,35.38,7549,377.9,91.6,lying,at_risk
T087,2024-07-22,39.22,81.0,25.85,7434,340.6,75.0,lying,at_risk
T087,2024-07-23,39.06,75.7,31.4,4869,449.7,75.3,grazing,at_risk
T087,2024-07-24,39.27,74.2,24.04,8155,428.9,87.5,lying,at_risk
T087,2024-07-25,39.59,72.2,25.44,5753,350.9,84.2,walking,at_risk
T087,2024-07-26,39.47,72.0,26.27,4189,392.2,74.9,grazing,at_risk
T087,2024-07-27,39.72,71.7,20.37,7635,382.6,79.3,standing,at_risk
T087,2024-07-28,39.7,75.2,28.06,8156,407.5,90.2,lying,at_risk
T087,2024-07-29,38.65,76.8,30.95,1157,446.2,69.4,grazing,at_risk
T087,2024-07-30,39.24,77.5,25.05,7531,415.8,79.0,grazing,at_risk
T088,2024-07-01,39.61,76.5,23.79,6428,320.7,88.4,lying,at_risk
T088,2024-07-02,40.06,70.9,20.2,4627,431.2,82.6,standing,at_risk
T088,2024-07-03,39.34,71.4,22.76,5793,333.7,73.6,lying,at_risk
T088,2024-07-04,39.17,69.8,30.57,7283,389.8,74.4,lying,at_risk
T088,2024-07-05,39.31,75.2,31.81,6449,390.4,78.5,lying,at_risk
T088,2024-07-06,39.1,75.5,29.63,2757,378.6,63.7,lying,at_risk
T088,2024-07-07,39.3,81.8,16.55,3711,371.9,78.2,standing,at_risk
T088,2024-07-08,39.33,76.5,27.5,3925,378.4,68.9,lying,at_risk
T088,2024-07-09,39.18,77.6,36.27,4566,448.3,77.3,lying,at_risk
T088,2024-07-10,39.39,64.8,27.0,5364,423.5,79.5,standing,at_risk
T088,2024-07-11,39.32,77.2,28.73,3745,312.8,78.5,lying,at_risk
T088,2024-07-12,39.27,72.4,27.92,3006,380.3,88.4,standing,at_risk
T088,2024-07-13,39.77,75.0,29.88,3934,430.1,98.3,standing,at_risk
T088,2024-07-14,39.42,73.8,28.57,4718,328.8,81.5,lying,at_risk
T088,2024-07-15,39.33,76.1,24.38,5973,437.0,81.7,grazing,at_risk
T088,2024-07-16,40.03,73.2,23.93,4664,331.3,70.4,grazing,at_risk
T088,2024-07-17,39.12,80.4,38.57,4532,383.3,78.3,standing,at_risk
T088,2024-07-18,39.32,73.5,27.76,5790,414.1,95.7,standing,at_risk
T088,2024-07-19,38.97,80.2,29.04,3827,366.7,77.5,walking,at_risk
T088,2024-07-20,39.72,79.1,16.65,2919,433.6,86.8,lying,at_risk
T088,2024-07-21,39.73,72.8,31.1,9558,384.0,74.7,grazing,at_risk
T088,2024-07-22,39.56,76.3,24.28,3531,341.3,71.1,lying,at_risk
T088,2024-07-23,39.63,67.0,17.1,4314,393.1,90.4,standing,at_risk
T088,2024-07-24,39.28,74.2,22.29,5784,337.5,80.4,walking,at_risk
T088,2024-07-25,39.12,74.6,27.49,6826,298.5,79.2,walking,at_risk
T088,2024-07-26,39.63,70.7,29.13,5875,345.2,67.5,lying,at_risk
T088,2024-07-27,38.98,73.9,30.33,598,444.9,80.8,lying,at_risk
T088,2024-07-28,39.57,69.9,23.18,6607,330.7,83.0,standing,at_risk
T088,2024-07-29,39.88,76.2,42.28,4361,342.5,78.7,lying,at_risk
T088,2024-07-30,39.54,76.0,21.25,5164,380.6,79.6,lying,at_risk
T089,2024-07-01,39.32,74.8,30.81,1554,402.2,74.7,standing,at_risk
T089,2024-07-02,39.62,78.2,18.94,4493,413.0,83.8,standing,at_risk
T089,2024-07-03,39.66,71.3,32.69,4857,402.7,95.2,grazing,at_risk
T089,2024-07-04,39.27,66.0,27.19,4741,416.4,77.5,walking,at_risk
T089,2024-07-05,39.24,74.3,22.39,6401,385.4,70.3,lying,at_risk
T089,2024-07-06,39.19,78.6,20.35,7253,412.5,80.7,standing,at_risk
T089,2024-07-07,39.47,75.0,34.66,5195,444.8,85.4,standing,at_risk
T089,2024-07-08,39.7,76.0,34.7,4685,371.2,78.2,standing,at_risk
T089,2024-07-09,38.79,74.1,17.57,3133,402.0,85.3,lying,at_risk
T089,2024-07-10,39.54,82.8,20.98,2619,338.9,72.2,grazing,at_risk
T089,2024-07-11,39.25,75.3,29.24,5946,371.6,77.1,lying,at_risk
T089,2024-07-12,39.76,78.1,23.8,3929,304.9,74.8,lying,at_risk
T089,2024-07-13,39.32,68.5,25.09,2798,312.7,84.4,standing,at_risk
T089,2024-07-14,39.42,74.6,25.08,7723,329.2,70.0,lying,at_risk
T089,2024-07-15,39.21,73.9,26.86,4457,303.6,80.6,standing,at_risk
T089,2024-07-16,40.14,81.1,18.85,5328,333.8,81.6,lying,at_risk
T089,2024-07-17,38.86,72.2,23.7,9122,384.4,73.6,lying,at_risk
T089,2024-07-18,39.14,70.4,19.49,6287,377.3,89.9,lying,at_risk
T089,2024-07-19,39.73,71.1,26.3,6615,373.8,76.9,lying,at_risk
T089,2024-07-20,39.05,75.6,27.23,4329,442.7,76.7,lying,at_risk
T089,2024-07-21,39.3,81.4,20.64,3573,384.2,96.0,grazing,at_risk
T089,2024-07-22,38.91,74.4,24.57,2956,390.7,75.5,lying,at_risk
T089,2024-07-23,39.39,73.8,22.6,4637,393.7,63.8,grazing,at_risk
T089,2024-07-24,39.41,73.4,17.49,5963,507.3,74.3,lying,at_risk
T089,2024-07-25,39.67,74.5,32.73,4759,373.6,86.5,lying,at_risk
T089,2024-07-26,39.58,73.7,36.68,6390,428.2,78.4,lying,at_risk
T089,2024-07-27,39.57,73.3,14.68,2824,426.4,72.5,standing,at_risk
T089,2024-07-28,39.21,71.6,24.53,4091,448.8,80.0,grazing,at_risk
T089,2024-07-29,39.06,73.7,35.4,6439,420.2,77.0,grazing,at_risk
T089,2024-07-30,39.55,75.2,23.92,5886,368.3,76.1,grazing,at_risk
T090,2024-07-01,38.97,73.0,24.43,5970,405.1,76.9,standing,at_risk
T090,2024-07-02,38.55,78.5,29.29,4281,424.3,77.7,standing,at_risk
T090,2024-07-03,39.53,72.1,34.44,6187,440.8,76.6,lying,at_risk
T090,2024-07-04,38.86,70.2,27.58,4633,437.4,81.7,standing,at_risk
T090,2024-07-05,39.15,77.3,29.37,5114,361.1,78.1,standing,at_risk
T090,2024-07-06,38.92,71.3,34.89,5868,427.0,77.1,standing,at_risk
T090,2024-07-07,38.97,70.3,21.64,7202,323.0,85.4,lying,at_risk
T090,2024-07-08,38.97,66.8,40.61,6095,411.5,75.4,lying,at_risk
T090,2024-07-09,38.98,81.0,31.06,3407,367.2,69.8,lying,at_risk
T090,2024-07-10,38.89,76.2,27.49,6708,454.9,76.9,lying,at_risk
T090,2024-07-11,38.88,68.6,34.83,2763,440.8,72.1,lying,at_risk
T090,2024-07-12,39.02,71.1,27.52,3233,451.3,106.4,walking,at_risk
T090,2024-07-13,38.76,70.4,35.86,6134,449.2,73.9,grazing,at_risk
T090,2024-07-14,39.3,76.1,36.78,6363,377.3,82.2,standing,at_risk
T090,2024-07-15,38.97,73.8,34.25,2751,435.3,70.3,walking,at_risk
T090,2024-07-16,39.42,73.4,27.58,6656,326.9,70.6,walking,at_risk
T090,2024-07-17,39.0,77.4,24.64,5636,382.0,79.4,standing,at_risk
T090,2024-07-18,39.41,78.7,33.18,4396,342.4,76.1,lying,at_risk
T090,2024-07-19,39.08,72.6,35.96,4679,366.1,90.7,lying,at_risk
T090,2024-07-20,38.58,76.8,35.51,6946,453.4,91.3,lying,at_risk
T090,2024-07-21,39.44,72.9,25.8,4704,296.6,90.1,walking,at_risk
T090,2024-07-22,39.71,71.3,24.89,4238,454.6,66.8,lying,at_risk
T090,2024-07-23,39.21,74.1,32.83,5524,340.3,76.1,lying,at_risk
T090,2024-07-24,39.94,76.3,23.7,4022,388.8,69.0,lying,at_risk
T090,2024-07-25,39.37,70.6,35.32,4875,272.2,81.7,standing,at_risk
T090,2024-07-26,39.04,73.2,30.11,5195,413.6,65.3,lying,at_risk
T090,2024-07-27,38.85,70.7,28.6,5070,452.8,81.5,lying,at_risk
T090,2024-07-28,39.11,79.2,30.8,2300,502.8,79.8,standing,at_risk
T090,2024-07-29,38.98,81.2,22.96,6170,309.5,76.8,grazing,at_risk
T090,2024-07-30,38.69,73.8,30.93,4861,288.8,81.7,lying,at_risk
T091,2024-07-01,39.2,76.9,32.09,5138,338.4,83.1,standing,at_risk
T091,2024-07-02,38.95,70.5,21.55,4002,375.7,76.4,lying,at_risk
T091,2024-07-03,39.63,76.2,18.16,5427,492.3,77.2,lying,at_risk
T091,2024-07-04,39.48,67.3,22.2,5812,354.9,85.4,standing,at_risk
T091,2024-07-05,39.44,75.9,21.61,4788,364.6,66.4,grazing,at_risk
T091,2024-07-06,38.9,69.2,34.57,6853,397.3,75.9,grazing,at_risk
T091,2024-07-07,39.3,73.1,19.09,6153,374.1,82.3,lying,at_risk
T091,2024-07-08,39.37,66.1,28.33,4098,372.1,54.9,standing,at_risk
T091,2024-07-09,39.55,72.3,20.32,4882,395.7,71.8,lying,at_risk
T091,2024-07-10,39.4,74.1,24.73,7075,457.8,74.3,lying,at_risk
T091,2024-07-11,39.45,72.6,20.32,5944,429.9,71.8,lying,at_risk
T091,2024-07-12,39.37,77.0,20.51,6341,382.0,79.7,standing,at_risk
T091,2024-07-13,39.36,74.9,22.87,7627,346.3,76.1,standing,at_risk
T091,2024-07-14,38.96,79.4,23.64,6082,475.1,76.4,standing,at_risk
T091,2024-07-15,39.46,79.4,33.05,6121,369.2,88.5,walking,at_risk
T091,2024-07-16,39.17,78.6,29.13,5593,313.4,72.1,lying,at_risk
T091,2024-07-17,39.18,74.5,28.13,7415,325.1,88.1,standing,at_risk
T091,2024-07-18,39.89,70.5,35.82,5983,376.5,73.2,standing,at_risk
T091,2024-07-19,39.48,80.7,33.2,6770,461.3,84.0,lying,at_risk
T091,2024-07-20,39.43,72.0,22.58,8296,358.1,79.2,standing,at_risk
T091,2024-07-21,39.11,75.1,18.73,4819,453.1,70.6,grazing,at_risk
T091,2024-07-22,39.43,74.1,23.05,6676,515.3,58.5,lying,at_risk
T091,2024-07-23,39.5,76.1,26.17,7529,409.3,78.1,standing,at_risk
T091,2024-07-24,39.72,71.2,36.41,5626,359.5,84.4,lying,at_risk
T091,2024-07-25,39.53,80.0,28.33,4659,387.6,77.0,lying,at_risk
T091,2024-07-26,39.53,71.6,25.41,5638,480.5,70.7,lying,at_risk
T091,2024-07-27,39.45,74.3,20.86,7508,402.4,70.1,grazing,at_risk
T091,2024-07-28,39.63,80.7,32.41,6289,384.2,76.4,grazing,at_risk
T091,2024-07-29,39.48,69.6,24.92,7780,451.3,74.2,standing,at_risk
T091,2024-07-30,39.0,72.5,18.34,6403,388.8,72.5,lying,at_risk
T092,2024-07-01,39.99,74.6,31.32,3978,423.8,74.0,lying,at_risk
T092,2024-07-02,39.93,78.4,24.67,3893,360.5,58.5,lying,at_risk
T092,2024-07-03,39.48,77.1,24.01,5554,379.1,69.9,lying,at_risk
T092,2024-07-04,39.5,71.7,22.65,3603,385.2,86.3,standing,at_risk
T092,2024-07-05,39.3,69.3,24.61,4241,367.4,74.5,lying,at_risk
T092,2024-07-06,38.98,70.8,12.98,6417,465.4,70.3,standing,at_risk
T092,2024-07-07,39.54,82.4,29.82,3910,338.8,95.0,lying,at_risk
T092,2024-07-08,39.78,75.1,23.85,5250,391.4,72.5,lying,at_risk
T092,2024-07-09,39.35,79.3,23.15,8413,311.6,69.1,lying,at_risk
T092,2024-07-10,39.9,69.3,27.05,8328,341.1,71.5,lying,at_risk
T092,2024-07-11,39.59,74.7,22.07,5529,340.9,79.4,standing,at_risk
T092,2024-07-12,39.69,71.7,30.42,7690,340.8,79.2,lying,at_risk
T092,2024-07-13,39.93,78.8,20.14,6688,382.0,85.3,lying,at_risk
T092,2024-07-14,39.7,73.8,26.79,3831,337.3,75.6,standing,at_risk
T092,2024-07-15,39.37,75.4,18.51,6572,443.6,92.5,walking,at_risk
T092,2024-07-16,39.74,75.8,27.04,3509,456.9,75.5,lying,at_risk
T092,2024-07-17,39.56,75.2,15.82,5942,425.2,70.1,lying,at_risk
T092,2024-07-18,40.0,74.7,27.25,7131,448.6,83.4,standing,at_risk
T092,2024-07-19,39.46,70.2,27.78,4460,323.8,69.0,walking,at_risk
T092,2024-07-20,39.79,71.9,31.75,5556,401.9,59.0,lying,at_risk
T092,2024-07-21,39.77,76.4,16.02,6185,414.0,71.2,lying,at_risk
T092,2024-07-22,39.67,69.5,17.23,5029,309.2,75.4,standing,at_risk
T092,2024-07-23,40.23,70.9,23.2,4500,423.6,69.1,lying,at_risk
T092,2024-07-24,39.79,71.8,18.14,4686,460.0,56.3,standing,at_risk
T092,2024-07-25,39.11,79.7,28.61,7452,418.3,56.6,lying,at_risk
T092,2024-07-26,39.72,79.9,25.09,4310,348.2,85.0,grazing,at_risk
T092,2024-07-27,39.41,75.2,23.12,6640,440.2,78.0,lying,at_risk
T092,2024-07-28,39.74,73.4,19.66,4045,446.3,70.4,grazing,at_risk
T092,2024-07-29,39.65,72.8,27.0,4300,469.4,81.3,standing,at_risk
T092,2024-07-30,39.6,76.6,25.74,5736,307.6,82.4,lying,at_risk
T093,2024-07-01,39.88,73.9,23.59,2767,299.6,104.7,lying,sick
T093,2024-07-02,39.83,74.4,7.37,1285,305.2,86.6,lying,sick
T093,2024-07-03,40.47,77.2,12.93,3723,239.7,110.0,grazing,sick
T093,2024-07-04,39.44,78.7,24.19,2538,166.4,105.2,lying,sick
T093,2024-07-05,39.77,80.0,18.22,3933,215.5,90.0,lying,sick
T093,2024-07-06,40.07,73.3,7.73,5075,217.6,90.3,lying,sick
T093,2024-07-07,40.2,73.2,16.87,3624,265.2,101.2,lying,sick
T093,2024-07-08,39.44,76.3,13.33,2220,349.1,101.4,lying,sick
T093,2024-07-09,40.0,78.5,11.95,4620,279.8,82.3,lying,sick
T093,2024-07-10,39.88,85.0,8.15,226,154.6,120.6,grazing,sick
T093,2024-07-11,40.85,70.8,22.11,5294,312.5,104.2,lying,sick
T093,2024-07-12,40.7,75.7,15.56,1784,272.3,87.9,grazing,sick
T093,2024-07-13,40.37,70.5,16.36,3472,270.1,85.3,lying,sick
T093,2024-07-14,39.79,70.6,16.78,4093,271.6,88.2,lying,sick
T093,2024-07-15,39.55,80.0,14.38,1947,296.7,84.5,lying,sick
T093,2024-07-16,40.02,74.3,14.37,3924,400.4,84.5,standing,sick
T093,2024-07-17,39.81,77.3,17.17,3328,284.9,73.1,lying,sick
T093,2024-07-18,39.1,72.2,25.42,3223,108.0,78.1,lying,sick
T093,2024-07-19,40.21,83.9,15.85,3492,330.4,88.6,lying,sick
T093,2024-07-20,40.19,74.1,5.46,3094,310.3,88.6,lying,sick
T093,2024-07-21,40.21,73.7,14.88,1601,304.8,105.1,lying,sick
T093,2024-07-22,40.5,77.4,14.06,3529,351.3,109.3,lying,sick
T093,2024-07-23,39.64,80.8,20.03,1366,270.7,76.7,lying,sick
T093,2024-07-24,40.08,75.8,15.87,2825,360.8,93.0,lying,sick
T093,2024-07-25,39.77,66.1,13.32,3625,305.9,87.3,lying,sick
T093,2024-07-26,39.91,76.1,10.74,3173,280.3,80.3,lying,sick
T093,2024-07-27,40.32,77.4,13.68,3683,373.2,96.5,lying,sick
T093,2024-07-28,39.94,72.3,7.76,3264,230.6,84.0,lying,sick
T093,2024-07-29,40.18,73.2,9.64,1837,182.3,100.0,lying,sick
T093,2024-07-30,40.07,71.7,24.95,2608,264.9,103.9,lying,sick
T094,2024-07-01,39.61,78.4,16.05,1991,388.8,92.5,lying,sick
T094,2024-07-02,39.87,73.3,22.84,2954,409.5,92.8,lying,sick
T094,2024-07-03,40.47,77.6,23.13,4004,376.2,101.1,lying,sick
T094,2024-07-04,39.74,70.8,8.14,5493,353.1,92.7,walking,sick
T094,2024-07-05,39.4,78.7,3.7,3188,253.1,92.6,lying,sick
T094,2024-07-06,40.56,70.9,14.48,1802,272.3,95.5,lying,sick
T094,2024-07-07,40.24,77.9,14.05,4499,370.5,102.5,lying,sick
T094,2024-07-08,39.95,78.2,21.81,3545,355.3,91.6,standing,sick
T094,2024-07-09,41.34,79.9,11.62,3067,435.7,93.3,standing,sick
T094,2024-07-10,41.27,78.7,13.55,4918,333.9,78.1,grazing,sick
T094,2024-07-11,40.46,78.2,17.05,3335,289.4,89.9,grazing,sick
T094,2024-07-12,40.16,72.3,16.69,3669,368.6,88.4,standing,sick
T094,2024-07-13,40.13,77.7,24.03,5553,316.2,84.7,standing,sick
T094,2024-07-14,40.7,68.2,12.59,4175,275.3,97.5,standing,sick
T094,2024-07-15,40.2,77.5,9.06,3899,246.2,98.2,standing,sick
T094,2024-07-16,40.18,74.2,33.05,3842,320.1,100.9,lying,sick
T094,2024-07-17,40.08,77.3,18.89,3503,301.2,75.8,lying,sick
T094,2024-07-18,40.24,69.8,13.74,5061,212.2,88.1,lying,sick
T094,2024-07-19,40.38,77.6,21.51,4028,322.1,94.2,standing,sick
T094,2024-07-20,40.05,68.3,27.85,2675,303.4,98.6,lying,sick
T094,2024-07-21,40.19,73.1,24.62,3844,393.5,85.6,lying,sick
T094,2024-07-22,39.77,70.4,12.25,2970,305.7,124.2,lying,sick
T094,2024-07-23,39.33,78.4,18.83,6528,358.9,90.4,lying,sick
T094,2024-07-24,40.58,74.7,19.07,4973,370.6,86.3,grazing,sick
T094,2024-07-25,40.3,76.6,21.15,4100,259.5,95.4,lying,sick
T094,2024-07-26,39.75,71.2,31.0,4213,355.3,97.5,lying,sick
T094,2024-07-27,40.17,76.9,14.41,6350,260.1,78.7,lying,sick
T094,2024-07-28,40.23,68.9,24.34,5717,212.5,98.3,lying,sick
T094,2024-07-29,40.48,78.0,19.29,4552,276.8,95.6,standing,sick
T094,2024-07-30,39.34,71.9,22.02,6594,256.4,119.8,lying,sick
T095,2024-07-01,39.65,72.5,24.1,768,309.2,99.7,walking,sick
T095,2024-07-02,39.88,69.6,19.18,3484,247.7,77.4,lying,sick
T095,2024-07-03,39.41,80.0,23.5,4668,303.6,91.3,lying,sick
T095,2024-07-04,40.5,85.0,27.13,2446,328.8,89.6,lying,sick
T095,2024-07-05,39.33,79.7,18.57,4030,300.7,87.7,lying,sick
T095,2024-07-06,40.02,79.2,19.54,241,259.5,86.6,lying,sick
T095,2024-07-07,40.05,66.5,19.05,3876,249.3,102.0,grazing,sick
T095,2024-07-08,40.01,69.6,14.56,2745,224.6,92.6,lying,sick
T095,2024-07-09,40.27,78.5,18.29,3853,261.1,94.6,lying,sick
T095,2024-07-10,39.57,73.7,14.82,2852,247.9,103.9,grazing,sick
T095,2024-07-11,40.03,79.0,19.0,1668,334.8,93.9,lying,sick
T095,2024-07-12,40.22,72.4,28.52,3213,244.4,97.3,lying,sick
T095,2024-07-13,40.33,71.2,13.56,2665,247.3,100.7,grazing,sick
T095,2024-07-14,40.11,75.4,26.85,3699,309.6,106.5,lying,sick
T095,2024-07-15,39.9,78.2,4.47,4217,335.2,101.3,grazing,sick
T095,2024-07-16,39.12,78.3,12.49,2369,276.6,102.7,lying,sick
T095,2024-07-17,39.73,62.7,14.71,1108,304.5,88.9,lying,sick
T095,2024-07-18,39.99,81.0,11.55,1232,371.7,85.4,standing,sick
T095,2024-07-19,40.07,81.0,22.93,2663,159.0,101.3,lying,sick
T095,2024-07-20,39.71,75.9,21.25,3665,324.6,106.3,lying,sick
T095,2024-07-21,39.97,75.2,12.57,2805,322.0,105.3,standing,sick
T095,2024-07-22,40.64,82.2,13.7,1790,269.3,85.3,lying,sick
T095,2024-07-23,39.37,73.1,14.24,4228,213.7,94.0,lying,sick
T095,2024-07-24,39.92,78.7,33.14,1574,226.9,108.6,standing,sick
T095,2024-07-25,40.27,71.1,20.1,3210,221.0,86.0,lying,sick
T095,2024-07-26,39.15,74.3,31.45,2683,299.5,83.0,lying,sick
T095,2024-07-27,40.37,68.2,22.17,661,266.8,101.9,lying,sick
T095,2024-07-28,40.32,74.1,18.03,3703,238.1,78.9,lying,sick
T095,2024-07-29,40.19,73.9,22.02,4278,206.1,76.8,walking,sick
T095,2024-07-30,41.03,78.9,13.6,3246,215.4,90.5,lying,sick
T096,2024-07-01,39.53,77.2,15.36,2594,288.9,82.8,standing,sick
T096,2024-07-02,39.97,70.1,33.22,2047,278.9,93.1,standing,sick
T096,2024-07-03,40.06,73.3,0.35,2417,329.9,101.9,lying,sick
T096,2024-07-04,40.05,78.8,14.82,4728,257.0,99.5,lying,sick
T096,2024-07-05,39.63,78.6,13.15,2052,329.8,95.7,lying,sick
T096,2024-07-06,40.19,81.1,6.06,4021,276.1,77.4,lying,sick
T096,2024-07-07,40.66,74.1,22.94,4374,344.1,96.3,lying,sick
T096,2024-07-08,39.93,81.4,13.93,3441,310.8,100.0,lying,sick
T096,2024-07-09,39.44,73.4,5.62,5162,273.1,114.1,lying,sick
T096,2024-07-10,39.96,77.6,13.42,1028,280.4,96.2,lying,sick
T096,2024-07-11,39.68,83.3,30.89,3537,295.9,89.1,lying,sick
T096,2024-07-12,39.56,73.6,16.75,4268,271.9,93.3,lying,sick
T096,2024-07-13,39.92,80.7,9.74,3851,330.7,91.0,lying,sick
T096,2024-07-14,40.04,74.1,9.45,5309,285.6,87.9,lying,sick
T096,2024-07-15,39.74,79.8,13.37,2310,336.0,76.3,lying,sick
T096,2024-07-16,39.59,70.0,19.28,3200,326.6,86.9,lying,sick
T096,2024-07-17,40.46,80.4,25.06,737,314.0,87.2,lying,sick
T096,2024-07-18,39.97,71.0,26.61,2757,378.8,96.1,lying,sick
T096,2024-07-19,40.15,71.3,15.06,4297,366.6,89.2,standing,sick
T096,2024-07-20,39.92,79.2,11.55,4109,288.7,99.9,lying,sick
T096,2024-07-21,40.92,73.6,11.21,3127,275.7,102.4,standing,sick
T096,2024-07-22,41.08,77.7,22.77,2521,357.7,105.8,lying,sick
T096,2024-07-23,39.33,78.8,6.15,2343,380.6,100.8,lying,sick
T096,2024-07-24,39.33,81.7,18.32,4987,242.3,85.9,lying,sick
T096,2024-07-25,40.24,75.2,19.45,2218,316.2,79.3,lying,sick
T096,2024-07-26,40.19,72.4,24.48,4687,287.2,115.2,lying,sick
T096,2024-07-27,40.75,80.0,23.59,5421,261.8,87.5,lying,sick
T096,2024-07-28,40.16,76.8,7.94,3704,271.9,106.4,lying,sick
T096,2024-07-29,40.42,81.8,10.68,1900,288.8,71.7,lying,sick
T096,2024-07-30,39.18,72.5,21.55,5083,218.1,98.6,lying,sick
T097,2024-07-01,40.1,74.6,13.57,3116,219.3,94.1,lying,sick
T097,2024-07-02,40.02,80.1,18.37,1941,258.3,88.4,standing,sick
T097,2024-07-03,40.33,77.1,12.08,1579,307.6,102.5,grazing,sick
T097,2024-07-04,40.32,81.6,20.4,2348,320.1,91.3,standing,sick
T097,2024-07-05,39.1,75.0,6.58,5404,251.9,95.2,lying,sick
T097,2024-07-06,40.54,71.1,15.09,3788,241.1,108.0,lying,sick
T097,2024-07-07,39.9,76.2,9.44,842,176.6,97.1,lying,sick
T097,2024-07-08,39.99,74.4,7.96,3353,403.0,95.8,lying,sick
T097,2024-07-09,39.88,81.8,16.4,4297,290.2,93.6,standing,sick
T097,2024-07-10,40.07,74.0,12.21,2291,300.8,67.9,lying,sick
T097,2024-07-11,39.15,74.0,18.07,3174,387.2,99.2,lying,sick
T097,2024-07-12,40.22,76.3,16.77,3285,292.0,86.6,lying,sick
T097,2024-07-13,39.76,72.8,6.99,1806,320.8,92.1,walking,sick
T097,2024-07-14,39.75,78.2,17.83,1188,270.1,99.6,lying,sick
T097,2024-07-15,39.55,81.7,21.34,3519,352.4,101.4,lying,sick
T097,2024-07-16,38.95,75.0,11.15,1883,188.4,89.5,walking,sick
T097,2024-07-17,39.5,74.5,9.74,4567,228.1,82.6,lying,sick
T097,2024-07-18,40.08,75.9,26.49,1591,336.3,77.2,lying,sick
T097,2024-07-19,40.14,72.2,20.33,4580,289.0,91.2,lying,sick
T097,2024-07-20,39.7,72.4,18.63,4191,273.9,98.4,standing,sick
T097,2024-07-21,39.73,77.4,22.37,1940,239.1,97.4,lying,sick
T097,2024-07-22,40.53,81.1,16.54,2545,252.8,91.4,lying,sick
T097,2024-07-23,40.33,76.6,17.14,4051,194.6,90.2,lying,sick
T097,2024-07-24,40.52,81.8,12.12,2863,291.6,105.3,lying,sick
T097,2024-07-25,39.8,76.0,24.55,5060,197.4,80.9,lying,sick
T097,2024-07-26,39.39,72.0,14.07,3976,300.5,127.6,lying,sick
T097,2024-07-27,39.84,65.4,19.62,4459,281.8,100.8,lying,sick
T097,2024-07-28,40.14,78.8,15.09,5200,221.3,97.9,lying,sick
T097,2024-07-29,39.71,75.8,7.31,4114,396.6,100.6,lying,sick
T097,2024-07-30,39.63,75.1,7.2,3948,280.9,90.5,standing,sick
T098,2024-07-01,39.95,80.8,27.02,3928,245.9,95.0,grazing,sick
T098,2024-07-02,39.43,72.7,35.19,2625,231.5,108.2,lying,sick
T098,2024-07-03,38.85,79.1,13.81,3281,294.1,89.2,lying,sick
T098,2024-07-04,40.09,76.0,20.8,4763,299.5,87.7,lying,sick
T098,2024-07-05,40.96,78.6,26.48,4691,232.7,96.4,lying,sick
T098,2024-07-06,39.34,80.0,13.02,3378,278.2,94.0,lying,sick
T098,2024-07-07,40.65,76.9,23.35,3468,196.4,81.3,lying,sick
T098,2024-07-08,39.98,75.2,17.52,5662,299.1,82.1,lying,sick
T098,2024-07-09,40.12,71.3,23.33,6633,314.9,92.7,lying,sick
T098,2024-07-10,40.02,72.9,16.06,2894,347.8,72.1,grazing,sick
T098,2024-07-11,39.64,70.9,19.26,2638,256.4,112.0,lying,sick
T098,2024-07-12,40.22,84.9,15.48,2405,284.1,93.9,lying,sick
T098,2024-07-13,40.14,77.3,20.22,4142,260.9,87.7,lying,sick
T098,2024-07-14,39.35,77.3,9.83,2481,215.5,81.9,lying,sick
T098,2024-07-15,40.1,78.6,6.73,2651,269.6,92.9,lying,sick
T098,2024-07-16,39.85,78.4,14.03,4843,311.2,78.1,grazing,sick
T098,2024-07-17,40.23,76.1,21.32,4562,143.6,83.0,lying,sick
T098,2024-07-18,39.52,80.1,11.35,1627,290.7,93.0,lying,sick
T098,2024-07-19,40.26,79.2,3.71,3643,347.8,90.0,standing,sick
T098,2024-07-20,39.84,73.4,16.44,4035,378.7,100.2,lying,sick
T098,2024-07-21,40.3,76.1,10.15,3879,340.2,111.8,standing,sick
T098,2024-07-22,39.72,73.5,4.64,2905,279.9,103.1,walking,sick
T098,2024-07-23,39.5,76.2,25.37,3648,202.7,78.5,lying,sick
T098,2024-07-24,39.72,73.7,11.67,5695,300.8,116.3,lying,sick
T098,2024-07-25,39.96,69.4,17.19,3362,188.3,97.3,lying,sick
T098,2024-07-26,39.64,67.6,25.23,5417,299.7,81.0,walking,sick
T098,2024-07-27,40.0,76.2,16.69,2732,261.1,96.8,lying,sick
T098,2024-07-28,39.82,78.5,19.43,4498,296.8,99.6,standing,sick
T098,2024-07-29,40.35,73.2,21.1,3866,386.1,92.2,lying,sick
T098,2024-07-30,39.84,78.4,13.21,2482,264.4,106.2,lying,sick
T099,2024-07-01,39.64,75.4,11.93,2999,235.9,82.0,lying,sick
T099,2024-07-02,40.5,71.2,16.31,4004,257.2,89.1,lying,sick
T099,2024-07-03,40.39,73.8,21.95,3823,228.9,106.6,lying,sick
T099,2024-07-04,40.65,75.6,14.32,4755,244.4,91.2,standing,sick
T099,2024-07-05,40.19,74.2,16.53,4327,173.5,94.3,lying,sick
T099,2024-07-06,40.05,74.5,15.96,4538,249.4,122.1,lying,sick
T099,2024-07-07,40.51,74.8,29.8,2390,239.5,93.0,lying,sick
T099,2024-07-08,40.08,73.3,16.74,3225,261.5,87.1,lying,sick
T099,2024-07-09,40.63,72.4,21.86,5749,316.5,107.7,lying,sick
T099,2024-07-10,40.64,76.0,18.19,4442,193.1,101.5,lying,sick
T099,2024-07-11,39.67,80.7,21.62,4178,322.0,95.7,lying,sick
T099,2024-07-12,39.86,78.9,19.32,2837,244.2,111.6,lying,sick
T099,2024-07-13,39.93,73.0,30.89,5226,315.6,100.7,lying,sick
T099,2024-07-14,39.48,68.4,14.77,2445,208.7,94.9,lying,sick
T099,2024-07-15,38.94,73.8,26.38,5314,346.8,89.4,walking,sick
T099,2024-07-16,39.76,80.5,26.29,5204,304.7,90.5,lying,sick
T099,2024-07-17,40.22,75.2,12.63,4501,346.9,96.1,grazing,sick
T099,2024-07-18,39.77,71.3,22.18,3959,289.4,98.4,lying,sick
T099,2024-07-19,39.23,78.0,20.38,5338,216.2,77.7,lying,sick
T099,2024-07-20,40.06,71.2,19.0,3495,249.8,94.4,lying,sick
T099,2024-07-21,39.43,73.2,21.54,3630,329.9,69.6,lying,sick
T099,2024-07-22,39.51,74.8,22.52,2025,318.7,101.3,lying,sick
T099,2024-07-23,40.19,80.6,24.41,6266,367.6,87.1,lying,sick
T099,2024-07-24,39.95,65.9,10.74,3189,270.8,87.2,lying,sick
T099,2024-07-25,40.04,69.2,22.91,4910,319.0,93.2,lying,sick
T099,2024-07-26,39.32,78.8,15.64,1632,238.3,81.6,lying,sick
T099,2024-07-27,40.11,65.9,21.6,3524,284.8,108.5,walking,sick
T099,2024-07-28,39.93,78.1,9.72,3489,356.1,88.4,lying,sick
T099,2024-07-29,39.52,81.5,30.25,5730,212.1,80.9,lying,sick
T099,2024-07-30,39.35,82.5,18.33,1886,230.0,98.1,lying,sick
T100,2024-07-01,39.43,75.1,17.62,1473,315.2,95.7,grazing,sick
T100,2024-07-02,40.14,82.4,13.0,2236,244.1,74.1,lying,sick
T100,2024-07-03,40.74,74.0,12.86,3768,286.9,69.7,lying,sick
T100,2024-07-04,39.3,85.0,18.86,0,363.8,67.8,walking,sick
T100,2024-07-05,40.66,79.3,29.61,4378,252.3,91.5,grazing,sick
T100,2024-07-06,39.99,74.4,17.32,4634,238.1,99.3,lying,sick
T100,2024-07-07,40.32,70.4,18.19,4579,294.0,90.1,standing,sick
T100,2024-07-08,38.87,74.5,17.76,2417,348.9,95.0,lying,sick
T100,2024-07-09,40.75,79.2,26.75,1797,207.5,96.0,standing,sick
T100,2024-07-10,39.99,78.5,21.2,2365,232.2,93.1,lying,sick
T100,2024-07-11,40.17,71.7,18.36,2976,274.8,91.8,lying,sick
T100,2024-07-12,39.78,74.2,25.4,2680,197.0,105.2,walking,sick
T100,2024-07-13,39.67,79.0,23.23,3246,381.1,90.6,grazing,sick
T100,2024-07-14,39.74,77.2,22.66,1234,214.5,68.0,lying,sick
T100,2024-07-15,38.98,77.9,20.4,2107,300.3,98.7,lying,sick
T100,2024-07-16,40.12,75.1,18.5,3695,239.7,106.6,lying,sick
T100,2024-07-17,39.36,76.6,26.77,1351,281.0,87.1,lying,sick
T100,2024-07-18,39.64,77.6,24.24,4554,342.3,107.4,standing,sick
T100,2024-07-19,40.13,72.0,17.3,1719,274.1,84.9,lying,sick
T100,2024-07-20,40.03,81.9,18.0,2032,344.5,82.6,lying,sick
T100,2024-07-21,39.94,79.1,1.61,4579,267.1,92.3,lying,sick
T100,2024-07-22,39.86,75.8,20.43,2477,333.1,87.6,lying,sick
T100,2024-07-23,39.88,70.8,24.98,3359,358.2,88.9,lying,sick
T100,2024-07-24,40.04,65.4,20.95,3434,344.0,83.4,lying,sick
T100,2024-07-25,39.72,77.9,16.47,2648,251.8,98.3,lying,sick
T100,2024-07-26,40.31,72.8,19.14,1156,323.6,89.4,lying,sick
T100,2024-07-27,40.0,78.9,12.93,3298,330.5,76.1,lying,sick
T100,2024-07-28,40.05,73.8,14.66,3132,387.1,90.9,standing,sick
T100,2024-07-29,40.23,82.0,16.54,3661,198.9,86.7,walking,sick
T100,2024-07-30,40.19,72.1,22.13,3188,284.7,94.8,standing,sick
